Dealer Name,Address,City,State,Zip,Phone,Contact Name,Contact Email,Website,Domains,Notes
MINI of Anchorage,730 E. 5th Avenue,Anchorage,AK,99501,(907) 743-7100,,,https://www.minianchorage.com/,minianchorage.com,Website: https://www.minianchorage.com/ | Staff page: blocked | Brand: MINI
MINI North Scottsdale,7101 E Chauncey Ln,Phoenix,AZ,85054,(877) 705-4108,,,https://www.mininorthscottsdale.com/,mininorthscottsdale.com,Website: https://www.mininorthscottsdale.com/ | Lead inbox: tbennett@penskeautomotive.com | Staff page: no_staff_page | Brand: MINI
MINI of Tempe,7855 South Test Drive,Tempe,AZ,85284,(480) 421-4700,,,https://www.minioftempe.com/,minioftempe.com,Website: https://www.minioftempe.com/ | Lead inbox: tgluvna@penskeautomotive.com | Staff page: no_staff_page | Brand: MINI
Bob Smith MINI,24500 Calabasas Road,Calabasas,CA,91302,(818) 444-1650,,,https://www.bobsmithmini.com/,bobsmithmini.com,Website: https://www.bobsmithmini.com/ | Staff page: no_staff_page | Brand: MINI
Crevier MINI,1455 Auto Mall Drive,Santa Ana,CA,92705,(714) 560-9525,Jeffrey Zheng,,https://www.creviermini.com/,creviermini.com,Title: Sales Manager | Website: https://www.creviermini.com/ | Source: https://www.creviermini.com/about-us/staff/ (no email published for this contact) | Lead inbox: ttauber@penskeautomotive.com | Brand: MINI
MINI of Berkeley,735 Ashby Avenue,Berkeley,CA,94710,(855) 571-5269,,,https://www.miniofberkeley.com/,miniofberkeley.com,Website: https://www.miniofberkeley.com/ | Lead inbox: sales@miniofberkeley.com | Staff page: blocked | Brand: MINI
MINI of Downtown Los Angeles,6201 S Alameda Street,Los Angeles,CA,90001,(323) 277-4240,,,https://www.minidtla.com/,minidtla.com,Website: https://www.minidtla.com/ | Lead inbox: minisales@carpros.com | Staff page: blocked | Brand: MINI
MINI of Escondido,1557 Auto Park Way,Escondido,CA,92029,(760) 745-3000,Matt Crandall,,https://www.miniofescondido.com/,miniofescondido.com,Title: General Manager | Website: https://www.miniofescondido.com/ | Source: https://www.miniofescondido.com/about-us/staff/ (no email published for this contact) | Brand: MINI
MINI of Marin,5880 Paradise Drive,Corte Madera,CA,94925,(415) 737-0500,,,https://www.miniofmarin.com/,miniofmarin.com,Website: https://www.miniofmarin.com/ | Lead inbox: jthomer@penskeautomotive.com | Staff page: no_staff_page | Brand: MINI
MINI of Monrovia,1451 South Mountain Avenue,Monrovia,CA,91016,(877) 278-0090,,,https://www.miniofmonrovia.com/,miniofmonrovia.com,Website: https://www.miniofmonrovia.com/ | Lead inbox: yahia.zabdie@miniofmonrovia.com | Staff page: blocked | Brand: MINI
MINI of Ontario,1251 Auto Center Drive,Ontario,CA,91761,(888) 964-5970,Diego Gonzalez,,https://www.miniofontario.com/,miniofontario.com,Title: General Sales Manager | Website: https://www.miniofontario.com/ | Source: https://www.miniofontario.com/about-us/staff/ (no email published for this contact) | Brand: MINI
MINI of San Diego,4812 Kearny Mesa Road,San Diego,CA,92111,(858) 616-6464,Rich Manas,,https://www.miniofsandiego.com/,miniofsandiego.com,Title: General Manager | Website: https://www.miniofsandiego.com/ | Source: https://www.miniofsandiego.com/about-us/staff/ (no email published for this contact) | Lead inbox: arahbari@penskeautomotive.com | Brand: MINI
MINI of San Francisco,1675 Howard Street,San Francisco,CA,94103,(628) 235-1200,,,,,Brand: MINI
MINI of Stevens Creek,4201 Stevens Creek Blvd.,Santa Clara,CA,95051,(408) 641-4608,,,https://www.miniofstevenscreek.com/,miniofstevenscreek.com,Website: https://www.miniofstevenscreek.com/ | Staff page: blocked | Brand: MINI
MINI of Universal City,4338 Lankershim Boulevard,North Hollywood,CA,91602,(818) 505-7455,Bernie Gutierrez,,https://www.miniuniversalcity.com/,miniuniversalcity.com,Title: Sales Manager | Website: https://www.miniuniversalcity.com/ | Source: https://www.miniuniversalcity.com/about-us/staff/ (no email published for this contact) | Lead inbox: jgrossman@miniuniversalcity.com | Brand: MINI
Niello MINI,2020 Fulton Ave,Sacramento,CA,95825,(916) 483-6464,,,https://www.niellomini.com/,niellomini.com,Website: https://www.niellomini.com/ | Lead inbox: mryan@niello.com | Staff page: blocked | Brand: MINI
South Bay MINI,18900 Hawthorne Boulevard,Torrance,CA,90504,(424) 275-2196,,,https://www.southbaymini.com/,southbaymini.com,Website: https://www.southbaymini.com/ | Lead inbox: thernandez@southbaybmw.com | Staff page: no_staff_page | Brand: MINI
MINI of Loveland,4055 Byrd Drive,Loveland,CO,80538,(970) 292-5020,Kim Calaway,,https://www.miniofloveland.com/,miniofloveland.com,Title: General Manager | Website: https://www.miniofloveland.com/ | Source: https://www.miniofloveland.com/about-us/staff/ (no email published for this contact) | Brand: MINI
Schomp MINI,1001 Plum Valley Lane,Highlands Ranch,CO,80129,(877) 331-9182,,,https://www.ralphschompmini.com/,ralphschompmini.com,Website: https://www.ralphschompmini.com/ | Lead inbox: info@schomp.com | Staff page: no_staff_page | Brand: MINI
MINI of Darien,154 Post Rd.,Darien,CT,06820,(203) 348-4700,,,https://www.minifairfieldcounty.com/,minifairfieldcounty.com,Website: https://www.minifairfieldcounty.com/ | Lead inbox: sales@minifairfieldcounty.com | Staff page: no_staff_page | Brand: MINI
New Country MINI,236 Reverend Moody Overpass,Hartford,CT,06120,(860) 278-7777,Avneesh Naran,,https://www.newcountrymini.com/,newcountrymini.com,Title: General Sales Manager | Website: https://www.newcountrymini.com/ | Source: https://www.newcountrymini.com/about-us/staff/ (no email published for this contact) | Lead inbox: bsmall@newcountry.com | Brand: MINI
Braman MINI of Miami,2060 Biscayne Blvd,Miami,FL,33137,(786) 388-0124,,,https://www.bramanminiofmiami.com/,bramanminiofmiami.com,Website: https://www.bramanminiofmiami.com/ | Lead inbox: irojas@bramanmiami.com | Staff page: blocked | Brand: MINI
Braman MINI of Palm Beach,2901 Okeechobee Blvd,West Palm Beach,FL,33409,(561) 666-4791,promoted to,,https://www.bramanmini.com/,bramanmini.com,Title: General Sales Manager | Website: https://www.bramanmini.com/ | Source: https://www.bramanmini.com/about-us/staff/ (no email published for this contact) | Lead inbox: dbayard@bramanmc.com | Brand: MINI
Ferman MINI of Tampa Bay,31320 US Highway 19 N,Palm Harbor,FL,34684,(727) 785-3900,BOB MURRAY,,https://www.minioftampabay.com/,minioftampabay.com,Title: General Manager | Website: https://www.minioftampabay.com/ | Source: https://www.minioftampabay.com/staff (no email published for this contact) | Lead inbox: manolo.santoscedeno@ferman.com | Brand: MINI
Lauderdale MINI Authorized Service,1441 S Federal Highway,Fort Lauderdale,FL,33316,(954) 335-6464,,,https://www.lauderdalemini.com/,lauderdalemini.com,Website: https://www.lauderdalemini.com/ | Lead inbox: kcordeiro@holmanauto.com | Staff page: no_staff_page | Brand: MINI
MINI of Coconut Creek,4401 W Sample Rd,Coconut Creek,FL,33073,(877) 213-2629,,,https://www.miniofcoconutcreek.com/,miniofcoconutcreek.com,Website: https://www.miniofcoconutcreek.com/ | Lead inbox: tkraemer@bmwofcoconutcreek.com | Staff page: no_staff_page | Brand: MINI
MINI of Fort Myers,13880 S Tamiami Trail,Fort Myers,FL,33912,(800) 798-9237,,,https://www.miniofftmyers.com/,miniofftmyers.com,Website: https://www.miniofftmyers.com/ | Staff page: blocked | Brand: MINI
MINI of Pensacola,186A W Airport Blvd,Pensacola,FL,32505,(850) 497-6464,,,https://www.miniofpensacola.com/,miniofpensacola.com,Website: https://www.miniofpensacola.com/ | Staff page: blocked | Brand: MINI
MINI of South Miami,16165 S Dixie Hwy,Miami,FL,33157,(855) 880-0590,,,https://www.miniofsouthmiami.com/,miniofsouthmiami.com,Website: https://www.miniofsouthmiami.com/ | Lead inbox: odiaz@bmwofsouthmiami.com | Staff page: no_staff_page | Brand: MINI
MINI of Wesley Chapel,26645 State Road 56,Wesley Chapel,FL,33544,(813) 907-3600,,,https://www.miniofwesleychapel.com/,miniofwesleychapel.com,Website: https://www.miniofwesleychapel.com/ | Lead inbox: cnewton@miniofwesleychapel.com | Staff page: no_staff_page | Brand: MINI
Orlando MINI,350 S Lake Destiny Rd,Orlando,FL,32810,(407) 835-2727,,,https://www.iwantamini.com/,iwantamini.com,Website: https://www.iwantamini.com/ | Lead inbox: dsimoni@fieldsauto.com | Brand: MINI
Tom Bush MINI,9881 Atlantic Blvd,Jacksonville,FL,32225,(877) 557-0033,,,https://www.tombushmini.com/,tombushmini.com,Website: https://www.tombushmini.com/ | Staff page: no_staff_page | Brand: MINI
Global Imports MINI,5925 Peachtree Industrial Blvd,Chamblee,GA,30341,(678) 569-7550,,,https://www.atlantamini.com/,atlantamini.com,Website: https://www.atlantamini.com/ | Lead inbox: lets.motor@atlantamini.com | Staff page: blocked | Brand: MINI
Mall of Georgia MINI,3751 Buford Dr.,Buford,GA,30519,(470) 238-4040,,,https://www.mallofgamini.com/,mallofgamini.com,Website: https://www.mallofgamini.com/ | Lead inbox: mmgsales@hendrickauto.com | Staff page: no_staff_page | Brand: MINI
MINI of Hawaii,"367 Farrington Highway, Unit 5A",Kapolei,HI,96707,(808) 597-1225,Miles Escajeda,,https://www.miniofhawaii.com/,miniofhawaii.com,Title: General Manager | Website: https://www.miniofhawaii.com/ | Source: https://miniofhawaii.com/about (no email published for this contact) | Brand: MINI
MINI of Des Moines,9900 Hickman Road,Des Moines,IA,50325,(800) 724-7365,Miller MINI,,https://www.miniofdesmoines.com/,miniofdesmoines.com,Title: Sales Manager | Website: https://www.miniofdesmoines.com/ | Source: https://miniofdesmoines.com/about (no email published for this contact) | Lead inbox: webleads@willisautocampus.com | Brand: MINI
Bill Jacobs MINI,2491 Aurora Avenue,Naperville,IL,60540,(866) 516-8050,Brian Hogarth,,https://www.billjacobsmini.com/,billjacobsmini.com,Title: General Sales Manager | Website: https://www.billjacobsmini.com/ | Source: https://www.billjacobsmini.com/about-us/staff/ (no email published for this contact) | Lead inbox: matt.laxton@billjacobs.com | Brand: MINI
MINI of Glencoe North Shore,2100 Frontage Road,Glencoe,IL,60022,(847) 998-5200,,,,,Lead inbox: https://www.miniofglencoe.com/ | Brand: MINI
Patrick MINI,690 E Golf Rd,Schaumburg,IL,60173,(847) 843-4000,Joe Quaranta,,https://www.patrickmini.com/,patrickmini.com,Title: General Sales Manager | Website: https://www.patrickmini.com/ | Source: https://www.patrickmini.com/about-us/staff/ (no email published for this contact) | Lead inbox: ecosta@patrickcars.com | Brand: MINI
Dreyer & Reinbold MINI,9333 Haver Way,Indianapolis,IN,46240,(800) 875-2269,Frank Koeberlein,,https://www.dreyerreinboldmini.com/,dreyerreinboldmini.com,Title: General Manager | Website: https://www.dreyerreinboldmini.com/ | Source: https://dreyerreinboldmini.com/about (no email published for this contact) | Lead inbox: info@dreyerreinboldmini.com | Brand: MINI
MINI of Fort Wayne,715 Grand National Drive,Fort Wayne,IN,46804,(260) 434-4707,SCOTT BROOKS,,https://www.minifortwayne.com/,minifortwayne.com,Title: General Sales Manager | Website: https://www.minifortwayne.com/ | Source: https://www.minifortwayne.com/dealership/staff.htm (no email published for this contact) | Lead inbox: sales@kelleyauto.com | Brand: MINI
MINI of Shawnee Mission,9000 Shawnee Mission Pkwy,Merriam,KS,66202,(888) 650-5901,Clay Shafer,,https://www.baronmini.com/,baronmini.com,Title: General Manager | Website: https://www.baronmini.com/ | Source: https://www.miniofshawneemission.com/about-us/staff/ (no email published for this contact) | Lead inbox: zsmith@baronauto.com | Brand: MINI
MINI of Wichita,10950 East 13th Street North,Wichita,KS,67206,(316) 719-8300,Mason Felter,,https://www.miniofwichita.com/,miniofwichita.com,Title: Sales Manager | Website: https://www.miniofwichita.com/ | Source: https://www.miniofwichita.com/about-us/staff/ (no email published for this contact) | Brand: MINI
MINI of Boston,1168 Commonwealth Ave,Boston,MA,02134,(877) 283-4516,,,,,Brand: MINI
MINI of Peabody,209 Andover St,Peabody,MA,01960,(978) 536-0088,Alex Stoyanov,astoyanov@minipeabody.com,https://www.minipeabody.com/,minipeabody.com,Title: General Sales Manager | Website: https://www.minipeabody.com/ | Source: https://www.minipeabody.com/staff | Lead inbox: jpirotte@minipeabody.com | Brand: MINI
MINI of Rockland,1040 Hingham Street,Rockland,MA,02370,(781) 347-5927,Ivo Petrov,,https://www.miniofrockland.com/,miniofrockland.com,Title: General Sales Manager | Website: https://www.miniofrockland.com/ | Source: https://www.miniofrockland.com/about-us/staff/ (no email published for this contact) | Lead inbox: atrumbo@group1auto.com | Brand: MINI
MINI of Annapolis,21 Old Mill Bottom Rd,Annapolis,MD,21409,(866) 585-8975,David Mier,,https://www.myminiannapolis.com/,myminiannapolis.com,Title: General Sales Manager | Website: https://www.myminiannapolis.com/ | Source: https://www.myminiannapolis.com/about-us/staff/ (no email published for this contact) | Lead inbox: dbailey@mybmwannapolis.com | Brand: MINI
MINI of Montgomery County,820 Russell Avenue,Gaithersburg,MD,20879,(240) 238-1200,Matt Charske,,https://www.miniofmontgomerycounty.com/,miniofmontgomerycounty.com,Title: General Manager | Website: https://www.miniofmontgomerycounty.com/ | Source: https://www.miniofmontgomerycounty.com/staff (no email published for this contact) | Lead inbox: nick.kuhar@passportauto.com | Brand: MINI
MINI of Towson,720 Kenilworth Drive,Towson,MD,21204,(866) 416-3545,,,https://www.minioftowson.com/,minioftowson.com,Website: https://www.minioftowson.com/ | Staff page: blocked | Brand: MINI
MINI of Grand Rapids,1010 28th St SE,Grand Rapids,MI,49508,(616) 452-5101,Jason Deutsch,,https://www.miniofgrandrapids.com/,miniofgrandrapids.com,Title: General Sales Manager | Website: https://www.miniofgrandrapids.com/ | Source: https://www.miniofgrandrapids.com/staff/ (no email published for this contact) | Lead inbox: leads@sharpetekioncrm.com | Brand: MINI
Motor City MINI,29929 Telegraph Rd,Southfield,MI,48034,(248) 204-4600,Richard Martinelli,rmartinelli@motorcitymini.com,https://www.motorcitymini.com/,motorcitymini.com,Title: General Sales Manager | Website: https://www.motorcitymini.com/ | Source: https://www.motorcitymini.com/dealership/staff.htm (name) + MINI dealer locator (email match) | Brand: MINI
Motorwerks MINI,705 Louisiana Avenue South,Golden Valley,MN,55426,(888) 866-5870,Trung Hoang,,https://www.motorwerksmini.com/,motorwerksmini.com,Title: General Manager | Website: https://www.motorwerksmini.com/ | Source: https://www.motorwerksmini.com/about-us/staff/ (no email published for this contact) | Lead inbox: bcooksey@penskeautomotive.com | Brand: MINI
MINI of St. Louis,40 Sunnen Dr.,St. Louis,MO,63143,(314) 644-6464,Jacob Belcher,,https://www.miniofstlouis.com/,miniofstlouis.com,Title: General Sales Manager | Website: https://www.miniofstlouis.com/ | Source: https://www.miniofstlouis.com/dealership/staff.htm (no email published for this contact) | Lead inbox: peggy.wessel@miniosfstlouis.com | Brand: MINI
Flow MINI,2575 Peters Creek Pkwy,Winston Salem,NC,27127,(877) 270-7089,,,https://www.flowminiwinston.com/,flowminiwinston.com,Website: https://www.flowminiwinston.com/ | Lead inbox: jwhittle@flowauto.com | Staff page: blocked | Brand: MINI
Flow MINI of Raleigh,5600 Capital Blvd,Raleigh,NC,27616,(919) 876-4580,,,https://www.flowminiraleigh.com/,flowminiraleigh.com,Website: https://www.flowminiraleigh.com/ | Staff page: blocked | Brand: MINI
Hendrick MINI,7036 E Independence Boulevard,Charlotte,NC,28227,(866) 632-0860,,,https://www.hendrickmini.com/,hendrickmini.com,Website: https://www.hendrickmini.com/ | Lead inbox: jhoda.edquist@hendrickauto.com | Staff page: blocked | Brand: MINI
MINI of Omaha,14800 Branch Street,Omaha,NE,68154,(877) 212-9351,,,https://www.miniofomaha.com/,miniofomaha.com,Website: https://www.miniofomaha.com/ | Lead inbox: jkoch@onyxautomotive.com | Staff page: no_staff_page | Brand: MINI
MINI of Bedford,209 S. River Rd.,Bedford,NH,03110,(603) 637-2900,James Doyle,jdoyle@minibedford.com,https://www.minibedford.com/,minibedford.com,Title: General Sales Manager | Website: https://www.minibedford.com/ | Source: https://www.minibedford.com/staff | Lead inbox: gking@minibedford.com | Brand: MINI
MINI of Edison,300 U.S. 1,Edison,NJ,08817,(732) 393-5464,,,https://www.miniofedison.com/,miniofedison.com,Website: https://www.miniofedison.com/ | Lead inbox: kyle.berkeley@openroad.com | Staff page: no_staff_page | Brand: MINI
MINI of Morristown,198 Madison Ave,Morristown,NJ,07960,(973) 451-0009,Amy Musleh,amy.musleh@openroad.com,https://www.morristownmini.com/,morristownmini.com,Title: General Manager | Website: https://www.morristownmini.com/ | Source: https://www.morristownmini.com/staff | Brand: MINI
MINI of Mt. Laurel,1220 Route 73,Mount Laurel,NJ,08054,(856) 778-3000,Michael Gale,,https://www.miniofmtlaurel.com/,miniofmtlaurel.com,Title: General Sales Manager | Website: https://www.miniofmtlaurel.com/ | Source: https://www.miniofmtlaurel.com/staff/ (no email published for this contact) | Brand: MINI
MINI of Ramsey,925 Rt 17 S,Ramsey,NJ,07446,(201) 669-3370,,,https://www.miniramsey.com/,miniramsey.com,Website: https://www.miniramsey.com/ | Staff page: blocked | Brand: MINI
Sandia MINI,6001 Pan American West Fwy NE,Albuquerque,NM,87109,(866) 924-5263,Dave Orso,,https://www.sandiamini.com/,sandiamini.com,Title: General Sales Manager | Website: https://www.sandiamini.com/ | Source: https://www.sandiamini.com/about-us/staff/ (no email published for this contact) | Lead inbox: bbolio@sandiabmw.com | Brand: MINI
MINI of Las Vegas,5750 West Sahara Ave,Las Vegas,NV,89146,(702) 570-1009,,,https://www.desertminioflasvegas.com/,desertminioflasvegas.com,Website: https://www.desertminioflasvegas.com/ | Lead inbox: dolpiesj@autonation.com | Staff page: no_staff_page | Brand: MINI
MINI of Reno,11505 South Virginia Street,Reno,NV,89511,(775) 851-6464,Alex' Amezcua,,https://www.miniofreno.com/,miniofreno.com,Title: General Manager | Website: https://www.miniofreno.com/ | Source: https://www.miniofreno.com/dealership/staff.htm (no email published for this contact) | Lead inbox: sales@billpearcemotors.com | Brand: MINI
Habberstad MINI,950 Jericho Tpke,Huntington Station,NY,11746,(800) 691-0040,,,https://www.habberstadmini.com/,habberstadmini.com,Website: https://www.habberstadmini.com/ | Lead inbox: jbozza@habberstadmini.com | Staff page: no_staff_page | Brand: MINI
MINI of Buffalo,8215 Main Street,Williamsville,NY,14221,(716) 504-6464,,,https://www.miniofbuffalo.com/,miniofbuffalo.com,Website: https://www.miniofbuffalo.com/ | Staff page: no_staff_page | Brand: MINI
MINI of Freeport,280 W Sunrise Hwy,Freeport,NY,11520,(516) 378-6300,SAM HILAS,,https://www.minioffreeport.com/,minioffreeport.com,Title: General Sales Manager | Website: https://www.minioffreeport.com/ | Source: https://www.minioffreeport.com/about-us/staff/ (no email published for this contact) | Brand: MINI
MINI of Latham,1111 Troy Schenectady Road,Latham,NY,12110,(518) 640-7884,,,https://www.keelermini.com/,keelermini.com,Website: https://www.keelermini.com/ | Staff page: blocked | Brand: MINI
MINI of Manhattan Executive Sales,555 W 57th St,New York,NY,10019,(212) 586-2269,Clark MINI,,https://www.mininyc.com/,mininyc.com,Title: Sales Manager | Website: https://www.mininyc.com/ | Source: https://www.mininyc.com/about-us/staff/ (no email published for this contact) | Brand: MINI
MINI of Rochester,3875 W Henrietta Rd,Rochester,NY,14623,(585) 334-9440,,,https://www.miniofrochester.com/,miniofrochester.com,Website: https://www.miniofrochester.com/ | Staff page: no_staff_page | Brand: MINI
MINI of Westchester,543 Tarrytown Road,White Plains,NY,10607,(914) 761-6666,,,https://www.miniofwestchester.com/,miniofwestchester.com,Website: https://www.miniofwestchester.com/ | Lead inbox: jerrya@westchesterbmw.com | Staff page: no_staff_page | Brand: MINI
Cincinnati MINI,6131 Stewart Ave,Cincinnati,OH,45227,(877) 213-9751,Joey Rhodes,,https://www.cincinnatimini.com/,cincinnatimini.com,Title: Sales Manager | Website: https://www.cincinnatimini.com/ | Source: https://www.cincinnatimini.com/about-us/staff/ (no email published for this contact) | Lead inbox: minisales@cincinnatimini.com | Brand: MINI
Classic MINI,2571 SOM Center Road,Willoughby Hills,OH,44094,(877) 687-2707,Scott Yee,,https://www.driveclassicmini.com/,driveclassicmini.com,Title: General Manager | Website: https://www.driveclassicmini.com/ | Source: https://www.driveclassicmini.com/about-us/staff/ (no email published for this contact) | Lead inbox: cmurphy@driveclassic.com | Brand: MINI
MINI of Dublin,5825 Venture Drive,Dublin,OH,43017,(877) 493-1060,,,,,Brand: MINI
Jackie Cooper MINI,14145 Broadway Ext,Edmond,OK,73013,(866) 332-9140,,,https://www.jackiecoopermini.com/,jackiecoopermini.com,Website: https://www.jackiecoopermini.com/ | Lead inbox: rreeves@cooperautogroup.com | Staff page: no_staff_page | Brand: MINI
MINI of Portland,9134 Southwest Canyon Road,Portland,OR,97225,(888) 746-9315,,,https://www.miniportland.com/,miniportland.com,Website: https://www.miniportland.com/ | Staff page: blocked | Brand: MINI
MINI of Allentown,4600 Crackersport Rd.,Allentown,PA,18104,(610) 821-2500,,,,,Brand: MINI
MINI of Pittsburgh,4900 Baum Blvd.,Pittsburgh,PA,15213,(412) 682-0788,Chris Lasko,,https://www.miniofpittsburgh.com/,miniofpittsburgh.com,Title: General Sales Manager | Website: https://www.miniofpittsburgh.com/ | Source: https://www.miniofpittsburgh.com/staff (no email published for this contact) | Brand: MINI
MINI of West Chester,1275 Wilmington Pike,West Chester,PA,19382,(610) 455-2800,Chad Carey,,https://www.miniwc.com/,miniwc.com,Title: General Manager | Website: https://www.miniwc.com/ | Source: https://www.miniwc.com/about-us/staff/ (no email published for this contact) | Lead inbox: sales@miniwc.com | Brand: MINI
MINI of the Main Line,130 Montgomery Ave,Bala Cynwyd,PA,19004,(610) 667-1000,,,https://www.minimainline.com/,minimainline.com,Website: https://www.minimainline.com/ | Staff page: blocked | Brand: MINI
MINI of Warwick,1515A Bald Hill Rd,Warwick,RI,02886,(877) 361-3416,Timothy Pina,,https://www.warwickmini.com/,warwickmini.com,Title: General Sales Manager | Website: https://www.warwickmini.com/ | Source: https://www.miniofwarwick.com/about-us/staff/ (no email published for this contact) | Lead inbox: bperuggi@penskeautomotive.com | Brand: MINI
Century MINI,2930 Laurens Road,Greenville,SC,29607,(864) 234-6437,,,https://www.centurymini.com/,centurymini.com,Website: https://www.centurymini.com/ | Lead inbox: dstone.centurybmw@eleadtrack.net | Staff page: blocked | Brand: MINI
MINI of Charleston,1518 Savannah Hwy,Charleston,SC,29407,(866) 540-3259,Jamie Camilo,,https://www.miniofcharleston.com/,miniofcharleston.com,Title: General Manager | Website: https://www.miniofcharleston.com/ | Source: https://www.miniofcharleston.com/dealership/staff.htm (no email published for this contact) | Brand: MINI
MINI of Knoxville,10665 Parkside Dr.,Knoxville,TN,37922,(888) 312-7689,Mark Simerlein,,https://www.miniofknoxville.com/,miniofknoxville.com,Title: General Sales Manager | Website: https://www.miniofknoxville.com/ | Source: https://www.miniofknoxville.com/dealership/staff.htm (no email published for this contact) | Brand: MINI
MINI of Nashville,1568 Mallory Lane,Brentwood,TN,37027,(615) 620-6464,,,https://www.miniofnashville.com/,miniofnashville.com,Website: https://www.miniofnashville.com/ | Staff page: blocked | Brand: MINI
Roadshow MINI,405 N Germantown Pkwy,Cordova,TN,38018,(877) 220-9129,,,https://www.roadshowmini.com/,roadshowmini.com,Website: https://www.roadshowmini.com/ | Lead inbox: avollmar@roadshowbmw.com | Staff page: blocked | Brand: MINI
MINI of Austin,7113 McNeil Drive,Austin,TX,78729,(512) 343-6464,,,https://www.miniofaustin.com/,miniofaustin.com,Website: https://www.miniofaustin.com/ | Staff page: no_staff_page | Brand: MINI
MINI of Clear Lake,15943 Gulf Freeway,Webster,TX,77598,(281) 557-7177,Randy Stine,rstine@Group1Auto.com,https://www.miniofclearlake.com/,miniofclearlake.com,Title: General Manager | Website: https://www.miniofclearlake.com/ | Source: https://www.miniofclearlake.com/about-us/staff/ | Lead inbox: leads@gpi.advantagebmwcl.com | Brand: MINI
MINI of Dallas,6250 Lemmon Ave,Dallas,TX,75209,(888) 552-1933,,,https://www.miniofdallas.com/,miniofdallas.com,Website: https://www.miniofdallas.com/ | Lead inbox: marbryj@autonation.com | Staff page: blocked | Brand: MINI
MINI of Fort Worth,3000 White Settlement Road,Fort Worth,TX,76107,(817) 336-0885,Collins MINI,,https://www.minioffortworth.com/,minioffortworth.com,Title: General Manager | Website: https://www.minioffortworth.com/ | Source: https://www.minioffortworth.com/about-us/staff/ (no email published for this contact) | Lead inbox: kchughtai@autobahnfw.com | Brand: MINI
MINI of Plano,6800 Dallas Parkway,Plano,TX,75024,(214) 778-2600,,,https://www.miniofplano.com/,miniofplano.com,Website: https://www.miniofplano.com/ | Lead inbox: kguerry@sewell.com | Staff page: no_staff_page | Brand: MINI
MINI of San Antonio,15507 IH 10 West,San Antonio,TX,78249,(210) 732-7121,,,https://www.miniofsanantonio.com/,miniofsanantonio.com,Website: https://www.miniofsanantonio.com/ | Lead inbox: jbruns@bmwsa.com | Staff page: blocked | Brand: MINI
MINI of the Woodlands,16675 Interstate 45 South,Conroe,TX,77385,(936) 266-1900,,,https://www.miniofthewoodlands.com/,miniofthewoodlands.com,Website: https://www.miniofthewoodlands.com/ | Staff page: blocked | Brand: MINI
Momentum MINI,9570 Southwest Freeway,Houston,TX,77074,(800) 557-5374,,,https://www.momentummini.com/,momentummini.com,Website: https://www.momentummini.com/ | Lead inbox: gilbert.quijada@momentumbmw.net | Staff page: blocked | Brand: MINI
MINI of Murray,4767 South State Street,Murray,UT,84107,(801) 262-9475,,,https://www.miniofmurray.com/,miniofmurray.com,Website: https://www.miniofmurray.com/ | Lead inbox: chris.durr@miniofmurray.com | Staff page: blocked | Brand: MINI
Checkered Flag MINI,5193 Virginia Beach Boulevard,Virginia Beach,VA,23462,(757) 490-1111,Ashley Harrison,,https://www.checkeredflagmini.com/,checkeredflagmini.com,Title: General Manager | Website: https://www.checkeredflagmini.com/ | Source: https://www.checkeredflagmini.com/about-us/staff/ (no email published for this contact) | Lead inbox: denise.polinchock@checkeredflag.com | Brand: MINI
Crown MINI of Richmond,8712 W. Broad St.,Richmond,VA,23294,(804) 207-8385,,,https://www.crownmini.com/,crownmini.com,Website: https://www.crownmini.com/ | Lead inbox: rvitek@crownauto.com | Staff page: blocked | Brand: MINI
MINI of Alexandria,5990 Duke Street,Alexandria,VA,22304,(703) 751-4630,Jim Laviolette,jim.laviolette@miniofalexandria.com,https://www.miniofalexandria.com/,miniofalexandria.com,Title: General Sales Manager | Website: https://www.miniofalexandria.com/ | Source: https://www.miniofalexandria.com/staff | Brand: MINI
MINI of Sterling,21826 Pacific Blvd,Sterling,VA,20166,(571) 370-7149,Umar Chaudhry,,https://www.miniofsterling.com/,miniofsterling.com,Title: General Sales Manager | Website: https://www.miniofsterling.com/ | Source: https://www.miniofsterling.com/staff (no email published for this contact) | Lead inbox: mohammadakhtar@lithia.com | Brand: MINI
MINI of Burlington,74 Champlain Drive,Shelburne,VT,05482,(802) 985-8484,,,https://www.miniofburlington.com/,miniofburlington.com,Website: https://www.miniofburlington.com/ | Staff page: blocked | Brand: MINI
Seattle MINI,11550 Lake City Way NE,Seattle,WA,98125,(206) 588-4250,Dave Murray,,https://www.seattlemini.com/,seattlemini.com,Title: General Sales Manager | Website: https://www.seattlemini.com/ | Source: https://seattlemini.com/about (no email published for this contact) | Lead inbox: info@seattlemini.com | Brand: MINI
International MINI,2400 S 108th St,West Allis,WI,53227,(877) 363-5441,,,https://www.internationalmini.com/,internationalmini.com,Website: https://www.internationalmini.com/ | Lead inbox: mgarland@iamilwaukee.com | Staff page: blocked | Brand: MINI
MINI of Madison,310 W Beltline Highway,Madison,WI,53713,(608) 729-6464,Chris Ballinger,christopher.ballinger@zimbrick.com,https://www.miniofmadison.com/,miniofmadison.com,Title: Sales Manager | Website: https://www.miniofmadison.com/ | Source: https://www.miniofmadison.com/staff | Lead inbox: zimbrickmini@zimbrick.com | Brand: MINI
