year,model,trim,model_code,trim_base_msrp,category,subcategory,item,price_usd,contents,notes
2026,RAV4,LE,4521,31900,Base,,Base MSRP,31900,,"Delivery/processing $1,595 not included"
2026,RAV4,LE,4521,31900,Drivetrain,,All-Wheel Drive,1400,,FWD standard
2026,RAV4,LE,4521,31900,Exterior color,,Meteor Shower,0,,
2026,RAV4,LE,4521,31900,Exterior color,,Storm Cloud,0,,
2026,RAV4,LE,4521,31900,Exterior color,,Midnight Black Metallic,0,,
2026,RAV4,LE,4521,31900,Exterior color,,Ruby Flare Pearl,475,,
2026,RAV4,LE,4521,31900,Exterior color,,Ice Cap,0,,default
2026,RAV4,LE,4521,31900,Interior,,Black fabric,0,,
2026,RAV4,LE,4521,31900,Accessory (dealer/port),Popular | Accessory Packages,All-Weather Liner Package,339,,Installed
2026,RAV4,LE,4521,31900,Accessory (dealer/port),Popular | Towing & Recovery,Tow Hitch Receiver,555,,Parts only (install not included)
2026,RAV4,LE,4521,31900,Accessory (dealer/port),Protection,All-Weather Floor Liners,199,,Parts only (install not included)
2026,RAV4,LE,4521,31900,Accessory (dealer/port),Protection,Body Side Moldings,260,,Installed
2026,RAV4,LE,4521,31900,Accessory (dealer/port),Protection,Cargo Liner,140,,Parts only (install not included)
2026,RAV4,LE,4521,31900,Accessory (dealer/port),Protection,Carpet Cargo Mat,140,,Parts only (install not included)
2026,RAV4,LE,4521,31900,Accessory (dealer/port),Protection,Carpet Floor Mats,199,,Parts only (install not included)
2026,RAV4,LE,4521,31900,Accessory (dealer/port),Protection,Door Edge Film,100,,Installed
2026,RAV4,LE,4521,31900,Accessory (dealer/port),Protection,Door Edge Guards,165,,Installed
2026,RAV4,LE,4521,31900,Accessory (dealer/port),Protection,Door Panel Scuff Protectors,130,,Installed
2026,RAV4,LE,4521,31900,Accessory (dealer/port),Protection,Door Sill Protectors,199,,Installed
2026,RAV4,LE,4521,31900,Accessory (dealer/port),Protection,Emergency Assistance Kit,75,,Parts only (install not included)
2026,RAV4,LE,4521,31900,Accessory (dealer/port),Protection,First Aid Kit,30,,Installed
2026,RAV4,LE,4521,31900,Accessory (dealer/port),Protection,Key Glove,25,,Installed
2026,RAV4,LE,4521,31900,Accessory (dealer/port),Protection,Mudguards,160,,Installed
2026,RAV4,LE,4521,31900,Accessory (dealer/port),Protection,Paint Protection Film: Front Bumper,525,,Parts only (install not included)
2026,RAV4,LE,4521,31900,Accessory (dealer/port),Protection,"Paint Protection Film: Hood, Fenders, Mirror Backs & Door Cups",439,,Installed
2026,RAV4,LE,4521,31900,Accessory (dealer/port),Protection,Rear Bumper Protector,130,,Installed
2026,RAV4,LE,4521,31900,Accessory (dealer/port),Accessory Packages,Carpet Mat Package,339,,Installed
2026,RAV4,LE,4521,31900,Accessory (dealer/port),Accessory Packages,Full Graphics Package: Gray or Black,600,,Installed
2026,RAV4,LE,4521,31900,Accessory (dealer/port),Accessory Packages,Illumination Package,1150,,Installed
2026,RAV4,LE,4521,31900,Accessory (dealer/port),Accessory Packages,Preferred Accessory Package w/ All-Weather Floor Liners,434,,Installed
2026,RAV4,LE,4521,31900,Accessory (dealer/port),Accessory Packages,Preferred Accessory Package w/ Carpet Mats,434,,Installed
2026,RAV4,LE,4521,31900,Accessory (dealer/port),Accessory Packages,Protection Package: Chrome,675,,Installed
2026,RAV4,LE,4521,31900,Accessory (dealer/port),Styling,Blackout Emblem Overlays,89,,Installed
2026,RAV4,LE,4521,31900,Accessory (dealer/port),Styling,Fog Light Graphics: Gray and Black,200,,Installed
2026,RAV4,LE,4521,31900,Accessory (dealer/port),Styling,Fog Light Graphics: Matte Black,200,,Installed
2026,RAV4,LE,4521,31900,Accessory (dealer/port),Styling,Hood Graphics: Gray or Black,200,,Installed
2026,RAV4,LE,4521,31900,Accessory (dealer/port),Storage,Cargo Net,65,,Installed
2026,RAV4,LE,4521,31900,Accessory (dealer/port),Storage,Cargo Tote,60,,Parts only (install not included)
2026,RAV4,LE,4521,31900,Accessory (dealer/port),Storage,Coin Holder/Ashtray Cup,17,,Parts only (install not included)
2026,RAV4,LE,4521,31900,Accessory (dealer/port),Storage,Console Safe,395,,Installed
2026,RAV4,LE,4521,31900,Accessory (dealer/port),Storage,Dometic CFX5 55IM Protective Cover,170,,Parts only (install not included); Non-genuine (third-party)
2026,RAV4,LE,4521,31900,Accessory (dealer/port),Storage,Dometic Recon Hardside 16L: Glow,225,,Parts only (install not included); Non-genuine (third-party)
2026,RAV4,LE,4521,31900,Accessory (dealer/port),Storage,Pelican 20QT Elite Cooler,207,,Parts only (install not included); Non-genuine (third-party)
2026,RAV4,LE,4521,31900,Accessory (dealer/port),Storage,Pelican Dayventure Backpack Cooler,301,,Parts only (install not included); Non-genuine (third-party)
2026,RAV4,LE,4521,31900,Accessory (dealer/port),Storage,Pelican Dayventure Sling Cooler,187,,Parts only (install not included); Non-genuine (third-party)
2026,RAV4,LE,4521,31900,Accessory (dealer/port),Storage,Yakima MegaWarrior,649,,Parts only (install not included); Non-genuine (third-party)
2026,RAV4,LE,4521,31900,Accessory (dealer/port),Storage,"Yakima OffGrid Cargo Basket, Mounted",649,,Parts only (install not included); Non-genuine (third-party)
2026,RAV4,LE,4521,31900,Accessory (dealer/port),Technology,Connected Services Trial Offering: 3 addt'l of Drive Connect & 2 addt'l yrs of Remote Connect,485,,Installed
2026,RAV4,LE,4521,31900,Accessory (dealer/port),Technology,Quick Charging Cable Package,70,,Installed
2026,RAV4,LE,4521,31900,Accessory (dealer/port),Technology,SiriusXM Trial Offering: 33 Months,350,,Installed
2026,RAV4,LE,4521,31900,Accessory (dealer/port),Technology,Universal Tablet Holder,99,,Installed
2026,RAV4,LE,4521,31900,Accessory (dealer/port),Technology,Car Mate DC4000RA Dash Cam 360,570,,Parts only (install not included); Non-genuine (third-party)
2026,RAV4,LE,4521,31900,Accessory (dealer/port),Technology,RAM X-Grip Cup Holder Mount,79,,Parts only (install not included); Non-genuine (third-party)
2026,RAV4,LE,4521,31900,Accessory (dealer/port),Lighting,Illuminated Cargo Sills,325,,Installed
2026,RAV4,LE,4521,31900,Accessory (dealer/port),Lighting,Illuminated Door Sills,395,,Installed
2026,RAV4,LE,4521,31900,Accessory (dealer/port),Lighting,Illuminated Front Badge,330,,Installed
2026,RAV4,LE,4521,31900,Accessory (dealer/port),Towing & Recovery,Towing Wire Harness,240,,Parts only (install not included)
2026,RAV4,LE,4521,31900,Accessory (dealer/port),Towing & Recovery,"Trailer Ball: 2""",24,,Parts only (install not included)
2026,RAV4,LE,4521,31900,Accessory (dealer/port),Towing & Recovery,ARB Premium Recovery Kit,540,,Parts only (install not included); Non-genuine (third-party)
2026,RAV4,LE,4521,31900,Accessory (dealer/port),Towing & Recovery,ARB Pump Up Kit,120,,Parts only (install not included); Non-genuine (third-party)
2026,RAV4,LE,4521,31900,Accessory (dealer/port),Towing & Recovery,ARB TRED Pro Red,380,,Parts only (install not included); Non-genuine (third-party)
2026,RAV4,LE,4521,31900,Accessory (dealer/port),Camping,Kammok Crosswing Single Panel 5',115,,Parts only (install not included); Non-genuine (third-party)
2026,RAV4,LE,4521,31900,Accessory (dealer/port),Camping,Kammok Outpost Hammock Stand,530,,Parts only (install not included); Non-genuine (third-party)
2026,RAV4,LE,4521,31900,Accessory (dealer/port),Pet Products,Kurgo Dog First Aid Kit,33,,Parts only (install not included); Non-genuine (third-party)
2026,RAV4,LE,4521,31900,Accessory (dealer/port),Pet Products,Kurgo Gourd Water Bottle & Bowl,19,,Parts only (install not included); Non-genuine (third-party)
2026,RAV4,LE,4521,31900,Accessory (dealer/port),Pet Products,Kurgo Heather Dog Booster Seat,70,,Parts only (install not included); Non-genuine (third-party)
2026,RAV4,LE,4521,31900,Accessory (dealer/port),Pet Products,Kurgo Quantum Dog Leash: Blue,33,,Parts only (install not included); Non-genuine (third-party)
2026,RAV4,LE,4521,31900,Accessory (dealer/port),Pet Products,Kurgo Tru-Fit Dog Car Harness,43,,Parts only (install not included); Non-genuine (third-party)
2026,RAV4,LE,4521,31900,Accessory (dealer/port),Pet Products,PetSafe Happy Ride Folding Dog Ramp,90,,Parts only (install not included); Non-genuine (third-party)
2026,RAV4,SE,4523,34700,Base,,Base MSRP,34700,,"Delivery/processing $1,595 not included"
2026,RAV4,SE,4523,34700,Drivetrain,,All-Wheel Drive,1400,,FWD standard
2026,RAV4,SE,4523,34700,Exterior color,,Meteor Shower,0,,
2026,RAV4,SE,4523,34700,Exterior color,,Storm Cloud,0,,
2026,RAV4,SE,4523,34700,Exterior color,,Midnight Black Metallic,0,,
2026,RAV4,SE,4523,34700,Exterior color,,Blueprint,0,,default
2026,RAV4,SE,4523,34700,Exterior color,,Ice Cap,0,,
2026,RAV4,SE,4523,34700,Interior,,Black/Blue fabric,0,,
2026,RAV4,SE,4523,34700,Factory package,,Convenience Package,400,,Additional change(s) required
2026,RAV4,SE,4523,34700,Factory package,,Weather Package,375,,
2026,RAV4,SE,4523,34700,Factory package,,Moonroof Package,850,,Additional change(s) required
2026,RAV4,SE,4523,34700,Accessory (dealer/port),Popular | Accessory Packages,All-Weather Liner Package,339,,Installed
2026,RAV4,SE,4523,34700,Accessory (dealer/port),Popular | Towing & Recovery,Tow Hitch Receiver,555,,Parts only (install not included)
2026,RAV4,SE,4523,34700,Accessory (dealer/port),Protection,All-Weather Floor Liners,199,,Parts only (install not included)
2026,RAV4,SE,4523,34700,Accessory (dealer/port),Protection,Body Side Moldings,260,,Installed
2026,RAV4,SE,4523,34700,Accessory (dealer/port),Protection,Cargo Liner,140,,Parts only (install not included)
2026,RAV4,SE,4523,34700,Accessory (dealer/port),Protection,Carpet Cargo Mat,140,,Parts only (install not included)
2026,RAV4,SE,4523,34700,Accessory (dealer/port),Protection,Carpet Floor Mats,199,,Parts only (install not included)
2026,RAV4,SE,4523,34700,Accessory (dealer/port),Protection,Door Edge Film,100,,Installed
2026,RAV4,SE,4523,34700,Accessory (dealer/port),Protection,Door Edge Guards,165,,Installed
2026,RAV4,SE,4523,34700,Accessory (dealer/port),Protection,Door Panel Scuff Protectors,130,,Installed
2026,RAV4,SE,4523,34700,Accessory (dealer/port),Protection,Door Sill Protectors,199,,Installed
2026,RAV4,SE,4523,34700,Accessory (dealer/port),Protection,Emergency Assistance Kit,75,,Parts only (install not included)
2026,RAV4,SE,4523,34700,Accessory (dealer/port),Protection,First Aid Kit,30,,Installed
2026,RAV4,SE,4523,34700,Accessory (dealer/port),Protection,Key Glove,25,,Installed
2026,RAV4,SE,4523,34700,Accessory (dealer/port),Protection,Mudguards,160,,Installed
2026,RAV4,SE,4523,34700,Accessory (dealer/port),Protection,Paint Protection Film: Front Bumper,525,,Parts only (install not included)
2026,RAV4,SE,4523,34700,Accessory (dealer/port),Protection,"Paint Protection Film: Hood, Fenders, Mirror Backs & Door Cups",439,,Installed
2026,RAV4,SE,4523,34700,Accessory (dealer/port),Protection,Rear Bumper Protector,130,,Installed
2026,RAV4,SE,4523,34700,Accessory (dealer/port),Accessory Packages,Carpet Mat Package,339,,Installed
2026,RAV4,SE,4523,34700,Accessory (dealer/port),Accessory Packages,Full Graphics Package: Gray or Black,600,,Installed
2026,RAV4,SE,4523,34700,Accessory (dealer/port),Accessory Packages,Illumination Package,1150,,Installed
2026,RAV4,SE,4523,34700,Accessory (dealer/port),Accessory Packages,Preferred Accessory Package w/ All-Weather Floor Liners,434,,Installed
2026,RAV4,SE,4523,34700,Accessory (dealer/port),Accessory Packages,Preferred Accessory Package w/ Carpet Mats,434,,Installed
2026,RAV4,SE,4523,34700,Accessory (dealer/port),Accessory Packages,Protection Package: Black Chrome,675,,Installed
2026,RAV4,SE,4523,34700,Accessory (dealer/port),Styling,Fog Light Graphics: Gray and Black,200,,Installed
2026,RAV4,SE,4523,34700,Accessory (dealer/port),Styling,Fog Light Graphics: Matte Black,200,,Installed
2026,RAV4,SE,4523,34700,Accessory (dealer/port),Styling,Hood Graphics: Gray or Black,200,,Installed
2026,RAV4,SE,4523,34700,Accessory (dealer/port),Storage,Cargo Net,65,,Installed
2026,RAV4,SE,4523,34700,Accessory (dealer/port),Storage,Cargo Tote,60,,Parts only (install not included)
2026,RAV4,SE,4523,34700,Accessory (dealer/port),Storage,Coin Holder/Ashtray Cup,17,,Parts only (install not included)
2026,RAV4,SE,4523,34700,Accessory (dealer/port),Storage,Console Safe,395,,Installed
2026,RAV4,SE,4523,34700,Accessory (dealer/port),Storage,Dometic CFX5 55IM Protective Cover,170,,Parts only (install not included); Non-genuine (third-party)
2026,RAV4,SE,4523,34700,Accessory (dealer/port),Storage,Dometic Recon Hardside 16L: Glow,225,,Parts only (install not included); Non-genuine (third-party)
2026,RAV4,SE,4523,34700,Accessory (dealer/port),Storage,Pelican 20QT Elite Cooler,207,,Parts only (install not included); Non-genuine (third-party)
2026,RAV4,SE,4523,34700,Accessory (dealer/port),Storage,Pelican Dayventure Backpack Cooler,301,,Parts only (install not included); Non-genuine (third-party)
2026,RAV4,SE,4523,34700,Accessory (dealer/port),Storage,Pelican Dayventure Sling Cooler,187,,Parts only (install not included); Non-genuine (third-party)
2026,RAV4,SE,4523,34700,Accessory (dealer/port),Storage,Yakima MegaWarrior,649,,Parts only (install not included); Non-genuine (third-party)
2026,RAV4,SE,4523,34700,Accessory (dealer/port),Storage,"Yakima OffGrid Cargo Basket, Mounted",649,,Parts only (install not included); Non-genuine (third-party)
2026,RAV4,SE,4523,34700,Accessory (dealer/port),Technology,Connected Services Trial Offering: 3 addt'l of Drive Connect & 2 addt'l yrs of Remote Connect,485,,Installed
2026,RAV4,SE,4523,34700,Accessory (dealer/port),Technology,Quick Charging Cable Package,70,,Installed
2026,RAV4,SE,4523,34700,Accessory (dealer/port),Technology,SiriusXM Trial Offering: 33 Months,350,,Installed
2026,RAV4,SE,4523,34700,Accessory (dealer/port),Technology,Universal Tablet Holder,99,,Installed
2026,RAV4,SE,4523,34700,Accessory (dealer/port),Technology,Car Mate DC4000RA Dash Cam 360,570,,Parts only (install not included); Non-genuine (third-party)
2026,RAV4,SE,4523,34700,Accessory (dealer/port),Technology,RAM X-Grip Cup Holder Mount,79,,Parts only (install not included); Non-genuine (third-party)
2026,RAV4,SE,4523,34700,Accessory (dealer/port),Lighting,Illuminated Cargo Sills,325,,Installed
2026,RAV4,SE,4523,34700,Accessory (dealer/port),Lighting,Illuminated Door Sills,395,,Installed
2026,RAV4,SE,4523,34700,Accessory (dealer/port),Lighting,Illuminated Front Badge,330,,Installed
2026,RAV4,SE,4523,34700,Accessory (dealer/port),Towing & Recovery,Towing Wire Harness,240,,Parts only (install not included)
2026,RAV4,SE,4523,34700,Accessory (dealer/port),Towing & Recovery,"Trailer Ball: 2""",24,,Parts only (install not included)
2026,RAV4,SE,4523,34700,Accessory (dealer/port),Towing & Recovery,ARB Premium Recovery Kit,540,,Parts only (install not included); Non-genuine (third-party)
2026,RAV4,SE,4523,34700,Accessory (dealer/port),Towing & Recovery,ARB Pump Up Kit,120,,Parts only (install not included); Non-genuine (third-party)
2026,RAV4,SE,4523,34700,Accessory (dealer/port),Towing & Recovery,ARB TRED Pro Red,380,,Parts only (install not included); Non-genuine (third-party)
2026,RAV4,SE,4523,34700,Accessory (dealer/port),Camping,Kammok Crosswing Single Panel 5',115,,Parts only (install not included); Non-genuine (third-party)
2026,RAV4,SE,4523,34700,Accessory (dealer/port),Camping,Kammok Outpost Hammock Stand,530,,Parts only (install not included); Non-genuine (third-party)
2026,RAV4,SE,4523,34700,Accessory (dealer/port),Pet Products,Kurgo Dog First Aid Kit,33,,Parts only (install not included); Non-genuine (third-party)
2026,RAV4,SE,4523,34700,Accessory (dealer/port),Pet Products,Kurgo Gourd Water Bottle & Bowl,19,,Parts only (install not included); Non-genuine (third-party)
2026,RAV4,SE,4523,34700,Accessory (dealer/port),Pet Products,Kurgo Heather Dog Booster Seat,70,,Parts only (install not included); Non-genuine (third-party)
2026,RAV4,SE,4523,34700,Accessory (dealer/port),Pet Products,Kurgo Quantum Dog Leash: Blue,33,,Parts only (install not included); Non-genuine (third-party)
2026,RAV4,SE,4523,34700,Accessory (dealer/port),Pet Products,Kurgo Tru-Fit Dog Car Harness,43,,Parts only (install not included); Non-genuine (third-party)
2026,RAV4,SE,4523,34700,Accessory (dealer/port),Pet Products,PetSafe Happy Ride Folding Dog Ramp,90,,Parts only (install not included); Non-genuine (third-party)
2026,RAV4,XLE Premium,4527,36100,Base,,Base MSRP,36100,,"Delivery/processing $1,595 not included"
2026,RAV4,XLE Premium,4527,36100,Drivetrain,,All-Wheel Drive,1400,,FWD standard
2026,RAV4,XLE Premium,4527,36100,Exterior color,,Meteor Shower,0,,default
2026,RAV4,XLE Premium,4527,36100,Exterior color,,Wind Chill Pearl,475,,
2026,RAV4,XLE Premium,4527,36100,Exterior color,,Storm Cloud,0,,
2026,RAV4,XLE Premium,4527,36100,Exterior color,,Midnight Black Metallic,0,,
2026,RAV4,XLE Premium,4527,36100,Exterior color,,Ruby Flare Pearl,475,,
2026,RAV4,XLE Premium,4527,36100,Exterior color,,Blueprint,0,,
2026,RAV4,XLE Premium,4527,36100,Exterior color,,Ice Cap,0,,
2026,RAV4,XLE Premium,4527,36100,Interior,,Light Gray SofTex® trim,0,,default
2026,RAV4,XLE Premium,4527,36100,Interior,,Black SofTex® trim,0,,
2026,RAV4,XLE Premium,4527,36100,Interior,,Harvest Beige SofTex® trim,0,,
2026,RAV4,XLE Premium,4527,36100,Factory package,,Weather Package,375,Heated leather steering wheel; Rain-sensing variable intermittent windshield wipers with de-icer function,
2026,RAV4,XLE Premium,4527,36100,Factory package,,XLE Driver Assist Package,650,"Front Cross-Traffic Alert (FCTA); Lane Change Assist (LCA); Traffic Jam Assist (TJA); Driver Monitor (listed as ""Driver Monitor"")",Additional change(s) required
2026,RAV4,XLE Premium,4527,36100,Factory package,,Panoramic Moonroof Package,1850,Panoramic glass roof with front power tilt/slide moonroof; Digital rearview mirror w/HomeLink® garage door opener,Additional change(s) required
2026,RAV4,XLE Premium,4527,36100,Accessory (dealer/port),Popular | Accessory Packages,All-Weather Liner Package,339,,Installed
2026,RAV4,XLE Premium,4527,36100,Accessory (dealer/port),Popular | Towing & Recovery,Tow Hitch Receiver,555,,Parts only (install not included)
2026,RAV4,XLE Premium,4527,36100,Accessory (dealer/port),Protection,All-Weather Floor Liners,199,,Parts only (install not included)
2026,RAV4,XLE Premium,4527,36100,Accessory (dealer/port),Protection,Body Side Moldings,260,,Installed
2026,RAV4,XLE Premium,4527,36100,Accessory (dealer/port),Protection,Cargo Liner,140,,Parts only (install not included)
2026,RAV4,XLE Premium,4527,36100,Accessory (dealer/port),Protection,Carpet Cargo Mat,140,,Parts only (install not included)
2026,RAV4,XLE Premium,4527,36100,Accessory (dealer/port),Protection,Carpet Floor Mats,199,,Parts only (install not included)
2026,RAV4,XLE Premium,4527,36100,Accessory (dealer/port),Protection,Door Edge Film,100,,Installed
2026,RAV4,XLE Premium,4527,36100,Accessory (dealer/port),Protection,Door Edge Guards,165,,Installed
2026,RAV4,XLE Premium,4527,36100,Accessory (dealer/port),Protection,Door Panel Scuff Protectors,130,,Installed
2026,RAV4,XLE Premium,4527,36100,Accessory (dealer/port),Protection,Door Sill Protectors,199,,Installed
2026,RAV4,XLE Premium,4527,36100,Accessory (dealer/port),Protection,Emergency Assistance Kit,75,,Parts only (install not included)
2026,RAV4,XLE Premium,4527,36100,Accessory (dealer/port),Protection,First Aid Kit,30,,Installed
2026,RAV4,XLE Premium,4527,36100,Accessory (dealer/port),Protection,Key Glove,25,,Installed
2026,RAV4,XLE Premium,4527,36100,Accessory (dealer/port),Protection,Mudguards,160,,Installed
2026,RAV4,XLE Premium,4527,36100,Accessory (dealer/port),Protection,Paint Protection Film: Front Bumper,525,,Parts only (install not included)
2026,RAV4,XLE Premium,4527,36100,Accessory (dealer/port),Protection,"Paint Protection Film: Hood, Fenders, Mirror Backs & Door Cups",439,,Installed
2026,RAV4,XLE Premium,4527,36100,Accessory (dealer/port),Protection,Rear Bumper Protector,130,,Installed
2026,RAV4,XLE Premium,4527,36100,Accessory (dealer/port),Accessory Packages,Carpet Mat Package,339,,Installed
2026,RAV4,XLE Premium,4527,36100,Accessory (dealer/port),Accessory Packages,Full Graphics Package: Gray or Black,600,,Installed
2026,RAV4,XLE Premium,4527,36100,Accessory (dealer/port),Accessory Packages,Illumination Package,1150,,Installed
2026,RAV4,XLE Premium,4527,36100,Accessory (dealer/port),Accessory Packages,Preferred Accessory Package w/ All-Weather Floor Liners,434,,Installed
2026,RAV4,XLE Premium,4527,36100,Accessory (dealer/port),Accessory Packages,Preferred Accessory Package w/ Carpet Mats,434,,Installed
2026,RAV4,XLE Premium,4527,36100,Accessory (dealer/port),Accessory Packages,Protection Package: Chrome,675,,Installed
2026,RAV4,XLE Premium,4527,36100,Accessory (dealer/port),Styling,Blackout Emblem Overlays,89,,Installed
2026,RAV4,XLE Premium,4527,36100,Accessory (dealer/port),Styling,Fog Light Graphics: Gray and Black,200,,Installed
2026,RAV4,XLE Premium,4527,36100,Accessory (dealer/port),Styling,Fog Light Graphics: Matte Black,200,,Installed
2026,RAV4,XLE Premium,4527,36100,Accessory (dealer/port),Styling,Hood Graphics: Gray or Black,200,,Installed
2026,RAV4,XLE Premium,4527,36100,Accessory (dealer/port),Storage,Cargo Net,65,,Installed
2026,RAV4,XLE Premium,4527,36100,Accessory (dealer/port),Storage,Cargo Tote,60,,Parts only (install not included)
2026,RAV4,XLE Premium,4527,36100,Accessory (dealer/port),Storage,Coin Holder/Ashtray Cup,17,,Parts only (install not included)
2026,RAV4,XLE Premium,4527,36100,Accessory (dealer/port),Storage,Console Safe,395,,Installed
2026,RAV4,XLE Premium,4527,36100,Accessory (dealer/port),Storage,Dometic CFX5 55IM Protective Cover,170,,Parts only (install not included); Non-genuine (third-party)
2026,RAV4,XLE Premium,4527,36100,Accessory (dealer/port),Storage,Dometic Recon Hardside 16L: Glow,225,,Parts only (install not included); Non-genuine (third-party)
2026,RAV4,XLE Premium,4527,36100,Accessory (dealer/port),Storage,Pelican 20QT Elite Cooler,207,,Parts only (install not included); Non-genuine (third-party)
2026,RAV4,XLE Premium,4527,36100,Accessory (dealer/port),Storage,Pelican Dayventure Backpack Cooler,301,,Parts only (install not included); Non-genuine (third-party)
2026,RAV4,XLE Premium,4527,36100,Accessory (dealer/port),Storage,Pelican Dayventure Sling Cooler,187,,Parts only (install not included); Non-genuine (third-party)
2026,RAV4,XLE Premium,4527,36100,Accessory (dealer/port),Storage,Yakima MegaWarrior,649,,Parts only (install not included); Non-genuine (third-party)
2026,RAV4,XLE Premium,4527,36100,Accessory (dealer/port),Storage,"Yakima OffGrid Cargo Basket, Mounted",649,,Parts only (install not included); Non-genuine (third-party)
2026,RAV4,XLE Premium,4527,36100,Accessory (dealer/port),Technology,Connected Services Trial Offering: 3 addt'l of Drive Connect & 2 addt'l yrs of Remote Connect,485,,Installed
2026,RAV4,XLE Premium,4527,36100,Accessory (dealer/port),Technology,Quick Charging Cable Package,70,,Installed
2026,RAV4,XLE Premium,4527,36100,Accessory (dealer/port),Technology,SiriusXM Trial Offering: 33 Months,350,,Installed
2026,RAV4,XLE Premium,4527,36100,Accessory (dealer/port),Technology,Universal Tablet Holder,99,,Installed
2026,RAV4,XLE Premium,4527,36100,Accessory (dealer/port),Technology,Car Mate DC4000RA Dash Cam 360,570,,Parts only (install not included); Non-genuine (third-party)
2026,RAV4,XLE Premium,4527,36100,Accessory (dealer/port),Technology,RAM X-Grip Cup Holder Mount,79,,Parts only (install not included); Non-genuine (third-party)
2026,RAV4,XLE Premium,4527,36100,Accessory (dealer/port),Lighting,Illuminated Cargo Sills,325,,Installed
2026,RAV4,XLE Premium,4527,36100,Accessory (dealer/port),Lighting,Illuminated Door Sills,395,,Installed
2026,RAV4,XLE Premium,4527,36100,Accessory (dealer/port),Lighting,Illuminated Front Badge,330,,Installed
2026,RAV4,XLE Premium,4527,36100,Accessory (dealer/port),Towing & Recovery,Towing Wire Harness,240,,Parts only (install not included)
2026,RAV4,XLE Premium,4527,36100,Accessory (dealer/port),Towing & Recovery,"Trailer Ball: 2""",24,,Parts only (install not included)
2026,RAV4,XLE Premium,4527,36100,Accessory (dealer/port),Towing & Recovery,ARB Premium Recovery Kit,540,,Parts only (install not included); Non-genuine (third-party)
2026,RAV4,XLE Premium,4527,36100,Accessory (dealer/port),Towing & Recovery,ARB Pump Up Kit,120,,Parts only (install not included); Non-genuine (third-party)
2026,RAV4,XLE Premium,4527,36100,Accessory (dealer/port),Towing & Recovery,ARB TRED Pro Red,380,,Parts only (install not included); Non-genuine (third-party)
2026,RAV4,XLE Premium,4527,36100,Accessory (dealer/port),Camping,Kammok Crosswing Single Panel 5',115,,Parts only (install not included); Non-genuine (third-party)
2026,RAV4,XLE Premium,4527,36100,Accessory (dealer/port),Camping,Kammok Outpost Hammock Stand,530,,Parts only (install not included); Non-genuine (third-party)
2026,RAV4,XLE Premium,4527,36100,Accessory (dealer/port),Pet Products,Kurgo Dog First Aid Kit,33,,Parts only (install not included); Non-genuine (third-party)
2026,RAV4,XLE Premium,4527,36100,Accessory (dealer/port),Pet Products,Kurgo Gourd Water Bottle & Bowl,19,,Parts only (install not included); Non-genuine (third-party)
2026,RAV4,XLE Premium,4527,36100,Accessory (dealer/port),Pet Products,Kurgo Heather Dog Booster Seat,70,,Parts only (install not included); Non-genuine (third-party)
2026,RAV4,XLE Premium,4527,36100,Accessory (dealer/port),Pet Products,Kurgo Quantum Dog Leash: Blue,33,,Parts only (install not included); Non-genuine (third-party)
2026,RAV4,XLE Premium,4527,36100,Accessory (dealer/port),Pet Products,Kurgo Tru-Fit Dog Car Harness,43,,Parts only (install not included); Non-genuine (third-party)
2026,RAV4,XLE Premium,4527,36100,Accessory (dealer/port),Pet Products,PetSafe Happy Ride Folding Dog Ramp,90,,Parts only (install not included); Non-genuine (third-party)
2026,RAV4,Woodland,4437,39900,Base,,Base MSRP,39900,,"Delivery/processing $1,595 not included"
2026,RAV4,Woodland,4437,39900,Drivetrain,,All-Wheel Drive,0,,Standard (only drivetrain)
2026,RAV4,Woodland,4437,39900,Exterior color,,Everest,0,,
2026,RAV4,Woodland,4437,39900,Exterior color,,Urban Rock,0,,default
2026,RAV4,Woodland,4437,39900,Exterior color,,Storm Cloud,0,,
2026,RAV4,Woodland,4437,39900,Exterior color,,Midnight Black Metallic,0,,
2026,RAV4,Woodland,4437,39900,Exterior color,,Ice Cap,0,,
2026,RAV4,Woodland,4437,39900,Interior,,Mineral SofTex® trim,0,,default
2026,RAV4,Woodland,4437,39900,Interior,,Black SofTex® trim,0,,
2026,RAV4,Woodland,4437,39900,Factory package,,Moonroof Package,850,Power tilt/slide moonroof with one-touch open/close,
2026,RAV4,Woodland,4437,39900,Accessory (dealer/port),Popular | Storage,Roof Cargo Basket,1135,,Installed
2026,RAV4,Woodland,4437,39900,Accessory (dealer/port),Popular | Towing & Recovery,Tow Hitch Receiver,555,,Parts only (install not included)
2026,RAV4,Woodland,4437,39900,Accessory (dealer/port),Styling,Blackout Emblem Overlays,89,,Installed
2026,RAV4,Woodland,4437,39900,Accessory (dealer/port),Styling,Hood Graphics: Gray or Black,200,,Installed
2026,RAV4,Woodland,4437,39900,Accessory (dealer/port),Protection,Body Side Moldings,260,,Installed
2026,RAV4,Woodland,4437,39900,Accessory (dealer/port),Protection,Carpet Cargo Mat,140,,Parts only (install not included)
2026,RAV4,Woodland,4437,39900,Accessory (dealer/port),Protection,Door Edge Film,100,,Installed
2026,RAV4,Woodland,4437,39900,Accessory (dealer/port),Protection,Door Edge Guards,165,,Installed
2026,RAV4,Woodland,4437,39900,Accessory (dealer/port),Protection,Door Panel Scuff Protectors,130,,Installed
2026,RAV4,Woodland,4437,39900,Accessory (dealer/port),Protection,Door Sill Protectors,199,,Installed
2026,RAV4,Woodland,4437,39900,Accessory (dealer/port),Protection,Emergency Assistance Kit,75,,Parts only (install not included)
2026,RAV4,Woodland,4437,39900,Accessory (dealer/port),Protection,First Aid Kit,30,,Installed
2026,RAV4,Woodland,4437,39900,Accessory (dealer/port),Protection,Key Glove,25,,Installed
2026,RAV4,Woodland,4437,39900,Accessory (dealer/port),Protection,Mudguards,160,,Installed
2026,RAV4,Woodland,4437,39900,Accessory (dealer/port),Protection,"Paint Protection Film: Hood, Fenders, Mirror Backs & Door Cups",439,,Installed
2026,RAV4,Woodland,4437,39900,Accessory (dealer/port),Protection,Rear Bumper Protector,130,,Installed
2026,RAV4,Woodland,4437,39900,Accessory (dealer/port),Storage,Cargo Net,65,,Installed
2026,RAV4,Woodland,4437,39900,Accessory (dealer/port),Storage,Cargo Tote,60,,Parts only (install not included)
2026,RAV4,Woodland,4437,39900,Accessory (dealer/port),Storage,Coin Holder/Ashtray Cup,17,,Parts only (install not included)
2026,RAV4,Woodland,4437,39900,Accessory (dealer/port),Storage,Console Safe,395,,Installed
2026,RAV4,Woodland,4437,39900,Accessory (dealer/port),Storage,Side Storage Boot Brush + Ice Scraper,20,,Installed
2026,RAV4,Woodland,4437,39900,Accessory (dealer/port),Storage,Side Storage Case,55,,Installed
2026,RAV4,Woodland,4437,39900,Accessory (dealer/port),Storage,Side Storage LED Lantern,160,,Installed
2026,RAV4,Woodland,4437,39900,Accessory (dealer/port),Storage,Side Storage Multi Tool,50,,Installed
2026,RAV4,Woodland,4437,39900,Accessory (dealer/port),Storage,Dometic CFX5 55IM Protective Cover,170,,Parts only (install not included); Non-genuine (third-party)
2026,RAV4,Woodland,4437,39900,Accessory (dealer/port),Storage,Dometic Recon Hardside 16L: Glow,225,,Parts only (install not included); Non-genuine (third-party)
2026,RAV4,Woodland,4437,39900,Accessory (dealer/port),Storage,Pelican 20QT Elite Cooler,207,,Parts only (install not included); Non-genuine (third-party)
2026,RAV4,Woodland,4437,39900,Accessory (dealer/port),Storage,Pelican Dayventure Backpack Cooler,301,,Parts only (install not included); Non-genuine (third-party)
2026,RAV4,Woodland,4437,39900,Accessory (dealer/port),Storage,Pelican Dayventure Sling Cooler,187,,Parts only (install not included); Non-genuine (third-party)
2026,RAV4,Woodland,4437,39900,Accessory (dealer/port),Storage,Yakima MegaWarrior,649,,Parts only (install not included); Non-genuine (third-party)
2026,RAV4,Woodland,4437,39900,Accessory (dealer/port),Storage,"Yakima OffGrid Cargo Basket, Mounted",649,,Parts only (install not included); Non-genuine (third-party)
2026,RAV4,Woodland,4437,39900,Accessory (dealer/port),Technology,Connected Services Trial Offering: 3 addt'l of Drive Connect & 2 addt'l yrs of Remote Connect,485,,Installed
2026,RAV4,Woodland,4437,39900,Accessory (dealer/port),Technology,Quick Charging Cable Package,70,,Installed
2026,RAV4,Woodland,4437,39900,Accessory (dealer/port),Technology,SiriusXM Trial Offering: 33 Months,350,,Installed
2026,RAV4,Woodland,4437,39900,Accessory (dealer/port),Technology,Universal Tablet Holder,99,,Installed
2026,RAV4,Woodland,4437,39900,Accessory (dealer/port),Technology,Car Mate DC4000RA Dash Cam 360,570,,Parts only (install not included); Non-genuine (third-party)
2026,RAV4,Woodland,4437,39900,Accessory (dealer/port),Technology,RAM X-Grip Cup Holder Mount,79,,Parts only (install not included); Non-genuine (third-party)
2026,RAV4,Woodland,4437,39900,Accessory (dealer/port),Lighting,Illuminated Cargo Sills,325,,Installed
2026,RAV4,Woodland,4437,39900,Accessory (dealer/port),Lighting,Illuminated Door Sills,395,,Installed
2026,RAV4,Woodland,4437,39900,Accessory (dealer/port),Lighting,Illuminated Front Badge,330,,Installed
2026,RAV4,Woodland,4437,39900,Accessory (dealer/port),Accessory Packages,Illumination Package,1150,,Installed
2026,RAV4,Woodland,4437,39900,Accessory (dealer/port),Towing & Recovery,Towing Wire Harness,240,,Parts only (install not included)
2026,RAV4,Woodland,4437,39900,Accessory (dealer/port),Towing & Recovery,"Trailer Ball: 2""",24,,Parts only (install not included)
2026,RAV4,Woodland,4437,39900,Accessory (dealer/port),Towing & Recovery,ARB Premium Recovery Kit,540,,Parts only (install not included); Non-genuine (third-party)
2026,RAV4,Woodland,4437,39900,Accessory (dealer/port),Towing & Recovery,ARB Pump Up Kit,120,,Parts only (install not included); Non-genuine (third-party)
2026,RAV4,Woodland,4437,39900,Accessory (dealer/port),Towing & Recovery,ARB TRED Pro Red,380,,Parts only (install not included); Non-genuine (third-party)
2026,RAV4,Woodland,4437,39900,Accessory (dealer/port),Camping,Kammok Crosswing Single Panel 5',115,,Parts only (install not included); Non-genuine (third-party)
2026,RAV4,Woodland,4437,39900,Accessory (dealer/port),Camping,Kammok Outpost Hammock Stand,530,,Parts only (install not included); Non-genuine (third-party)
2026,RAV4,Woodland,4437,39900,Accessory (dealer/port),Pet Products,Kurgo Dog First Aid Kit,33,,Parts only (install not included); Non-genuine (third-party)
2026,RAV4,Woodland,4437,39900,Accessory (dealer/port),Pet Products,Kurgo Gourd Water Bottle & Bowl,19,,Parts only (install not included); Non-genuine (third-party)
2026,RAV4,Woodland,4437,39900,Accessory (dealer/port),Pet Products,Kurgo Heather Dog Booster Seat,70,,Parts only (install not included); Non-genuine (third-party)
2026,RAV4,Woodland,4437,39900,Accessory (dealer/port),Pet Products,Kurgo Quantum Dog Leash: Blue,33,,Parts only (install not included); Non-genuine (third-party)
2026,RAV4,Woodland,4437,39900,Accessory (dealer/port),Pet Products,Kurgo Tru-Fit Dog Car Harness,43,,Parts only (install not included); Non-genuine (third-party)
2026,RAV4,Woodland,4437,39900,Accessory (dealer/port),Pet Products,PetSafe Happy Ride Folding Dog Ramp,90,,Parts only (install not included); Non-genuine (third-party)
2026,RAV4,XSE,4530,41300,Base,,Base MSRP,41300,,"Delivery/processing $1,595 not included"
2026,RAV4,XSE,4530,41300,Drivetrain,,All-Wheel Drive,0,,Standard (only drivetrain)
2026,RAV4,XSE,4530,41300,Exterior color,,Storm Cloud with Midnight Black Metallic roof,500,,
2026,RAV4,XSE,4530,41300,Exterior color,,Midnight Black Metallic,0,,
2026,RAV4,XSE,4530,41300,Exterior color,,Wind Chill Pearl with Midnight Black Metallic roof,975,,default
2026,RAV4,XSE,4530,41300,Exterior color,,Meteor Shower with Midnight Black Metallic roof,500,,
2026,RAV4,XSE,4530,41300,Interior,,Black/Blue SofTex®/fabric mixed media trim,0,,
2026,RAV4,XSE,4530,41300,Factory package,,Weather Package,375,Heated leather steering wheel; Rain-sensing variable intermittent windshield wipers with de-icer function,
2026,RAV4,XSE,4530,41300,Factory package,,XSE Driver Assist Package,420,Advanced Park (* disclaimer); Toggle switch shift-by-wire shifter,Additional change(s) required
2026,RAV4,XSE,4530,41300,Factory package,,JBL® Premium Audio Package,620,JBL® 9-speaker Premium Audio system including subwoofer,Additional change(s) required
2026,RAV4,XSE,4530,41300,Factory package,,Panoramic Moonroof Package,700,Panoramic glass roof with front power tilt/slide moonroof; Digital rearview mirror w/HomeLink® garage door opener,Additional change(s) required
2026,RAV4,XSE,4530,41300,Accessory (dealer/port),Popular | Accessory Packages,All-Weather Liner Package,339,,Installed
2026,RAV4,XSE,4530,41300,Accessory (dealer/port),Popular | Towing & Recovery,Tow Hitch Receiver,555,,Parts only (install not included)
2026,RAV4,XSE,4530,41300,Accessory (dealer/port),Protection,All-Weather Floor Liners,199,,Parts only (install not included)
2026,RAV4,XSE,4530,41300,Accessory (dealer/port),Protection,Body Side Moldings,260,,Installed
2026,RAV4,XSE,4530,41300,Accessory (dealer/port),Protection,Cargo Liner,140,,Parts only (install not included)
2026,RAV4,XSE,4530,41300,Accessory (dealer/port),Protection,Carpet Cargo Mat,140,,Parts only (install not included)
2026,RAV4,XSE,4530,41300,Accessory (dealer/port),Protection,Carpet Floor Mats,199,,Parts only (install not included)
2026,RAV4,XSE,4530,41300,Accessory (dealer/port),Protection,Door Edge Film,100,,Installed
2026,RAV4,XSE,4530,41300,Accessory (dealer/port),Protection,Door Edge Guards,165,,Installed
2026,RAV4,XSE,4530,41300,Accessory (dealer/port),Protection,Door Panel Scuff Protectors,130,,Installed
2026,RAV4,XSE,4530,41300,Accessory (dealer/port),Protection,Door Sill Protectors,199,,Installed
2026,RAV4,XSE,4530,41300,Accessory (dealer/port),Protection,Emergency Assistance Kit,75,,Parts only (install not included)
2026,RAV4,XSE,4530,41300,Accessory (dealer/port),Protection,First Aid Kit,30,,Installed
2026,RAV4,XSE,4530,41300,Accessory (dealer/port),Protection,Key Glove,25,,Installed
2026,RAV4,XSE,4530,41300,Accessory (dealer/port),Protection,Mudguards,160,,Installed
2026,RAV4,XSE,4530,41300,Accessory (dealer/port),Protection,Paint Protection Film: Front Bumper,525,,Parts only (install not included)
2026,RAV4,XSE,4530,41300,Accessory (dealer/port),Protection,"Paint Protection Film: Hood, Fenders, Mirror Backs & Door Cups",439,,Installed
2026,RAV4,XSE,4530,41300,Accessory (dealer/port),Protection,Rear Bumper Protector,130,,Installed
2026,RAV4,XSE,4530,41300,Accessory (dealer/port),Accessory Packages,Carpet Mat Package,339,,Installed
2026,RAV4,XSE,4530,41300,Accessory (dealer/port),Accessory Packages,Full Graphics Package: Gray or Black,600,,Installed
2026,RAV4,XSE,4530,41300,Accessory (dealer/port),Accessory Packages,Illumination Package,1150,,Installed
2026,RAV4,XSE,4530,41300,Accessory (dealer/port),Accessory Packages,Preferred Accessory Package w/ All-Weather Floor Liners,434,,Installed
2026,RAV4,XSE,4530,41300,Accessory (dealer/port),Accessory Packages,Preferred Accessory Package w/ Carpet Mats,434,,Installed
2026,RAV4,XSE,4530,41300,Accessory (dealer/port),Accessory Packages,Protection Package: Black Chrome,675,,Installed
2026,RAV4,XSE,4530,41300,Accessory (dealer/port),Storage,Cargo Net,65,,Installed
2026,RAV4,XSE,4530,41300,Accessory (dealer/port),Storage,Cargo Tote,60,,Parts only (install not included)
2026,RAV4,XSE,4530,41300,Accessory (dealer/port),Storage,Coin Holder/Ashtray Cup,17,,Parts only (install not included)
2026,RAV4,XSE,4530,41300,Accessory (dealer/port),Storage,Console Safe,395,,Installed
2026,RAV4,XSE,4530,41300,Accessory (dealer/port),Storage,Dometic CFX5 55IM Protective Cover,170,,Parts only (install not included); Non-genuine (third-party)
2026,RAV4,XSE,4530,41300,Accessory (dealer/port),Storage,Dometic Recon Hardside 16L: Glow,225,,Parts only (install not included); Non-genuine (third-party)
2026,RAV4,XSE,4530,41300,Accessory (dealer/port),Storage,Pelican 20QT Elite Cooler,207,,Parts only (install not included); Non-genuine (third-party)
2026,RAV4,XSE,4530,41300,Accessory (dealer/port),Storage,Pelican Dayventure Backpack Cooler,301,,Parts only (install not included); Non-genuine (third-party)
2026,RAV4,XSE,4530,41300,Accessory (dealer/port),Storage,Pelican Dayventure Sling Cooler,187,,Parts only (install not included); Non-genuine (third-party)
2026,RAV4,XSE,4530,41300,Accessory (dealer/port),Storage,Yakima MegaWarrior,649,,Parts only (install not included); Non-genuine (third-party)
2026,RAV4,XSE,4530,41300,Accessory (dealer/port),Storage,"Yakima OffGrid Cargo Basket, Mounted",649,,Parts only (install not included); Non-genuine (third-party)
2026,RAV4,XSE,4530,41300,Accessory (dealer/port),Technology,Connected Services Trial Offering: 2 addt'l yrs of Drive Connect & Remote Connect,325,,Installed
2026,RAV4,XSE,4530,41300,Accessory (dealer/port),Technology,Quick Charging Cable Package,70,,Installed
2026,RAV4,XSE,4530,41300,Accessory (dealer/port),Technology,SiriusXM Trial Offering: 33 Months,350,,Installed
2026,RAV4,XSE,4530,41300,Accessory (dealer/port),Technology,Universal Tablet Holder,99,,Installed
2026,RAV4,XSE,4530,41300,Accessory (dealer/port),Technology,Car Mate DC4000RA Dash Cam 360,570,,Parts only (install not included); Non-genuine (third-party)
2026,RAV4,XSE,4530,41300,Accessory (dealer/port),Technology,RAM X-Grip Cup Holder Mount,79,,Parts only (install not included); Non-genuine (third-party)
2026,RAV4,XSE,4530,41300,Accessory (dealer/port),Styling,Fog Light Graphics: Gray and Black,200,,Installed
2026,RAV4,XSE,4530,41300,Accessory (dealer/port),Styling,Fog Light Graphics: Matte Black,200,,Installed
2026,RAV4,XSE,4530,41300,Accessory (dealer/port),Styling,Hood Graphics: Gray or Black,200,,Installed
2026,RAV4,XSE,4530,41300,Accessory (dealer/port),Lighting,Illuminated Cargo Sills,325,,Installed
2026,RAV4,XSE,4530,41300,Accessory (dealer/port),Lighting,Illuminated Door Sills,395,,Installed
2026,RAV4,XSE,4530,41300,Accessory (dealer/port),Lighting,Illuminated Front Badge,330,,Installed
2026,RAV4,XSE,4530,41300,Accessory (dealer/port),Towing & Recovery,Towing Wire Harness,240,,Parts only (install not included)
2026,RAV4,XSE,4530,41300,Accessory (dealer/port),Towing & Recovery,"Trailer Ball: 2""",24,,Parts only (install not included)
2026,RAV4,XSE,4530,41300,Accessory (dealer/port),Towing & Recovery,ARB Premium Recovery Kit,540,,Parts only (install not included); Non-genuine (third-party)
2026,RAV4,XSE,4530,41300,Accessory (dealer/port),Towing & Recovery,ARB Pump Up Kit,120,,Parts only (install not included); Non-genuine (third-party)
2026,RAV4,XSE,4530,41300,Accessory (dealer/port),Towing & Recovery,ARB TRED Pro Red,380,,Parts only (install not included); Non-genuine (third-party)
2026,RAV4,XSE,4530,41300,Accessory (dealer/port),Camping,Kammok Crosswing Single Panel 5',115,,Parts only (install not included); Non-genuine (third-party)
2026,RAV4,XSE,4530,41300,Accessory (dealer/port),Camping,Kammok Outpost Hammock Stand,530,,Parts only (install not included); Non-genuine (third-party)
2026,RAV4,XSE,4530,41300,Accessory (dealer/port),Pet Products,Kurgo Dog First Aid Kit,33,,Parts only (install not included); Non-genuine (third-party)
2026,RAV4,XSE,4530,41300,Accessory (dealer/port),Pet Products,Kurgo Gourd Water Bottle & Bowl,19,,Parts only (install not included); Non-genuine (third-party)
2026,RAV4,XSE,4530,41300,Accessory (dealer/port),Pet Products,Kurgo Heather Dog Booster Seat,70,,Parts only (install not included); Non-genuine (third-party)
2026,RAV4,XSE,4530,41300,Accessory (dealer/port),Pet Products,Kurgo Quantum Dog Leash: Blue,33,,Parts only (install not included); Non-genuine (third-party)
2026,RAV4,XSE,4530,41300,Accessory (dealer/port),Pet Products,Kurgo Tru-Fit Dog Car Harness,43,,Parts only (install not included); Non-genuine (third-party)
2026,RAV4,XSE,4530,41300,Accessory (dealer/port),Pet Products,PetSafe Happy Ride Folding Dog Ramp,90,,Parts only (install not included); Non-genuine (third-party)
2026,RAV4,Limited,4534,43300,Base,,Base MSRP,43300,,"Delivery/processing $1,595 not included"
2026,RAV4,Limited,4534,43300,Exterior color,,Meteor Shower,0,,
2026,RAV4,Limited,4534,43300,Exterior color,,Wind Chill Pearl,475,,
2026,RAV4,Limited,4534,43300,Exterior color,,Storm Cloud,0,,default
2026,RAV4,Limited,4534,43300,Exterior color,,Midnight Black Metallic,0,,
2026,RAV4,Limited,4534,43300,Exterior color,,Ruby Flare Pearl,475,,
2026,RAV4,Limited,4534,43300,Exterior color,,Blueprint,0,,
2026,RAV4,Limited,4534,43300,Interior,,Harvest Beige SofTex® trim,0,,
2026,RAV4,Limited,4534,43300,Interior,,Black SofTex® trim,0,,
2026,RAV4,Limited,4534,43300,Interior,,Light Gray SofTex® trim,0,,
2026,RAV4,Limited,4534,43300,Drivetrain,,All-Wheel Drive,0,,Standard (only drivetrain)
2026,RAV4,Limited,4534,43300,Factory package,,20-In. Wheel Package,1240,20-in. wheels with 235/50R20 All-Season tires; Larger 165/90D18 spare tire/wheel combo,Additional change(s) required
2026,RAV4,Limited,4534,43300,Factory option,,10-In. Color Head-Up Display (HUD),600,10-in. color Head-Up Display (HUD),
2026,RAV4,Limited,4534,43300,Accessory (dealer/port),Popular | Accessory Packages,All-Weather Liner Package,339,,Installed
2026,RAV4,Limited,4534,43300,Accessory (dealer/port),Popular | Towing & Recovery,Tow Hitch Receiver,555,,Parts only (install not included)
2026,RAV4,Limited,4534,43300,Accessory (dealer/port),Protection,All-Weather Floor Liners,199,,Parts only (install not included)
2026,RAV4,Limited,4534,43300,Accessory (dealer/port),Protection,Body Side Moldings,260,,Installed
2026,RAV4,Limited,4534,43300,Accessory (dealer/port),Protection,Cargo Liner,140,,Parts only (install not included)
2026,RAV4,Limited,4534,43300,Accessory (dealer/port),Protection,Carpet Cargo Mat,140,,Parts only (install not included)
2026,RAV4,Limited,4534,43300,Accessory (dealer/port),Protection,Carpet Floor Mats,199,,Parts only (install not included)
2026,RAV4,Limited,4534,43300,Accessory (dealer/port),Protection,Door Edge Film,100,,Installed
2026,RAV4,Limited,4534,43300,Accessory (dealer/port),Protection,Door Edge Guards,165,,Installed
2026,RAV4,Limited,4534,43300,Accessory (dealer/port),Protection,Door Panel Scuff Protectors,130,,Installed
2026,RAV4,Limited,4534,43300,Accessory (dealer/port),Protection,Door Sill Protectors,199,,Installed
2026,RAV4,Limited,4534,43300,Accessory (dealer/port),Protection,Emergency Assistance Kit,75,,Parts only (install not included)
2026,RAV4,Limited,4534,43300,Accessory (dealer/port),Protection,First Aid Kit,30,,Installed
2026,RAV4,Limited,4534,43300,Accessory (dealer/port),Protection,Key Glove,25,,Installed
2026,RAV4,Limited,4534,43300,Accessory (dealer/port),Protection,Mudguards,160,,Installed
2026,RAV4,Limited,4534,43300,Accessory (dealer/port),Protection,Paint Protection Film: Front Bumper,525,,Parts only (install not included)
2026,RAV4,Limited,4534,43300,Accessory (dealer/port),Protection,"Paint Protection Film: Hood, Fenders, Mirror Backs & Door Cups",439,,Installed
2026,RAV4,Limited,4534,43300,Accessory (dealer/port),Protection,Rear Bumper Protector,130,,Installed
2026,RAV4,Limited,4534,43300,Accessory (dealer/port),Accessory Packages,Carpet Mat Package,339,,Installed
2026,RAV4,Limited,4534,43300,Accessory (dealer/port),Accessory Packages,Full Graphics Package: Gray or Black,600,,Installed
2026,RAV4,Limited,4534,43300,Accessory (dealer/port),Accessory Packages,Illumination Package,1150,,Installed
2026,RAV4,Limited,4534,43300,Accessory (dealer/port),Accessory Packages,Preferred Accessory Package w/ All-Weather Floor Liners,434,,Installed
2026,RAV4,Limited,4534,43300,Accessory (dealer/port),Accessory Packages,Preferred Accessory Package w/ Carpet Mats,434,,Installed
2026,RAV4,Limited,4534,43300,Accessory (dealer/port),Accessory Packages,Protection Package: Chrome,675,,Installed
2026,RAV4,Limited,4534,43300,Accessory (dealer/port),Styling,Blackout Emblem Overlays,89,,Installed
2026,RAV4,Limited,4534,43300,Accessory (dealer/port),Styling,Fog Light Graphics: Gray and Black,200,,Installed
2026,RAV4,Limited,4534,43300,Accessory (dealer/port),Styling,Fog Light Graphics: Matte Black,200,,Installed
2026,RAV4,Limited,4534,43300,Accessory (dealer/port),Styling,Hood Graphics: Gray or Black,200,,Installed
2026,RAV4,Limited,4534,43300,Accessory (dealer/port),Storage,Cargo Net,65,,Installed
2026,RAV4,Limited,4534,43300,Accessory (dealer/port),Storage,Cargo Tote,60,,Parts only (install not included)
2026,RAV4,Limited,4534,43300,Accessory (dealer/port),Storage,Coin Holder/Ashtray Cup,17,,Parts only (install not included)
2026,RAV4,Limited,4534,43300,Accessory (dealer/port),Storage,Console Safe,395,,Installed
2026,RAV4,Limited,4534,43300,Accessory (dealer/port),Storage,Dometic CFX5 55IM Protective Cover,170,,Parts only (install not included); Non-genuine (third-party)
2026,RAV4,Limited,4534,43300,Accessory (dealer/port),Storage,Dometic Recon Hardside 16L: Glow,225,,Parts only (install not included); Non-genuine (third-party)
2026,RAV4,Limited,4534,43300,Accessory (dealer/port),Storage,Pelican 20QT Elite Cooler,207,,Parts only (install not included); Non-genuine (third-party)
2026,RAV4,Limited,4534,43300,Accessory (dealer/port),Storage,Pelican Dayventure Backpack Cooler,301,,Parts only (install not included); Non-genuine (third-party)
2026,RAV4,Limited,4534,43300,Accessory (dealer/port),Storage,Pelican Dayventure Sling Cooler,187,,Parts only (install not included); Non-genuine (third-party)
2026,RAV4,Limited,4534,43300,Accessory (dealer/port),Storage,Yakima MegaWarrior,649,,Parts only (install not included); Non-genuine (third-party)
2026,RAV4,Limited,4534,43300,Accessory (dealer/port),Storage,"Yakima OffGrid Cargo Basket, Mounted",649,,Parts only (install not included); Non-genuine (third-party)
2026,RAV4,Limited,4534,43300,Accessory (dealer/port),Technology,Connected Services Trial Offering: 2 addt'l yrs of Drive Connect & Remote Connect,325,,Installed
2026,RAV4,Limited,4534,43300,Accessory (dealer/port),Technology,Quick Charging Cable Package,70,,Installed
2026,RAV4,Limited,4534,43300,Accessory (dealer/port),Technology,SiriusXM Trial Offering: 33 Months,350,,Installed
2026,RAV4,Limited,4534,43300,Accessory (dealer/port),Technology,Universal Tablet Holder,99,,Installed
2026,RAV4,Limited,4534,43300,Accessory (dealer/port),Technology,Car Mate DC4000RA Dash Cam 360,570,,Parts only (install not included); Non-genuine (third-party)
2026,RAV4,Limited,4534,43300,Accessory (dealer/port),Technology,RAM X-Grip Cup Holder Mount,79,,Parts only (install not included); Non-genuine (third-party)
2026,RAV4,Limited,4534,43300,Accessory (dealer/port),Lighting,Illuminated Cargo Sills,325,,Installed
2026,RAV4,Limited,4534,43300,Accessory (dealer/port),Lighting,Illuminated Door Sills,395,,Installed
2026,RAV4,Limited,4534,43300,Accessory (dealer/port),Lighting,Illuminated Front Badge,330,,Installed
2026,RAV4,Limited,4534,43300,Accessory (dealer/port),Towing & Recovery,Towing Wire Harness,240,,Parts only (install not included)
2026,RAV4,Limited,4534,43300,Accessory (dealer/port),Towing & Recovery,"Trailer Ball: 2""",24,,Parts only (install not included)
2026,RAV4,Limited,4534,43300,Accessory (dealer/port),Towing & Recovery,ARB Premium Recovery Kit,540,,Parts only (install not included); Non-genuine (third-party)
2026,RAV4,Limited,4534,43300,Accessory (dealer/port),Towing & Recovery,ARB Pump Up Kit,120,,Parts only (install not included); Non-genuine (third-party)
2026,RAV4,Limited,4534,43300,Accessory (dealer/port),Towing & Recovery,ARB TRED Pro Red,380,,Parts only (install not included); Non-genuine (third-party)
2026,RAV4,Limited,4534,43300,Accessory (dealer/port),Camping,Kammok Crosswing Single Panel 5',115,,Parts only (install not included); Non-genuine (third-party)
2026,RAV4,Limited,4534,43300,Accessory (dealer/port),Camping,Kammok Outpost Hammock Stand,530,,Parts only (install not included); Non-genuine (third-party)
2026,RAV4,Limited,4534,43300,Accessory (dealer/port),Pet Products,Kurgo Dog First Aid Kit,33,,Parts only (install not included); Non-genuine (third-party)
2026,RAV4,Limited,4534,43300,Accessory (dealer/port),Pet Products,Kurgo Gourd Water Bottle & Bowl,19,,Parts only (install not included); Non-genuine (third-party)
2026,RAV4,Limited,4534,43300,Accessory (dealer/port),Pet Products,Kurgo Heather Dog Booster Seat,70,,Parts only (install not included); Non-genuine (third-party)
2026,RAV4,Limited,4534,43300,Accessory (dealer/port),Pet Products,Kurgo Quantum Dog Leash: Blue,33,,Parts only (install not included); Non-genuine (third-party)
2026,RAV4,Limited,4534,43300,Accessory (dealer/port),Pet Products,Kurgo Tru-Fit Dog Car Harness,43,,Parts only (install not included); Non-genuine (third-party)
2026,RAV4,Limited,4534,43300,Accessory (dealer/port),Pet Products,PetSafe Happy Ride Folding Dog Ramp,90,,Parts only (install not included); Non-genuine (third-party)
