trim,source_category,source_item,source_package,package_price,feature_label,canonical_key,key_status,availability,match_notes
LE,Drivetrain,All-Wheel Drive,,1400,All-wheel drive,awd,proposed,optional,"AWD is a $1400 option; source note ""FWD standard"". Repo evidence: 'AWD' kept as a real option in test/inventory_option_rows.test.js (2026-10-07 REAL list)."
LE,Drivetrain,Front-Wheel Drive (from notes),,0,Front-wheel drive,fwd,proposed,standard,"Derived from source note ""FWD standard"" on the AWD row."
LE,Exterior color,Meteor Shower,,0,Meteor Shower (gray),exterior gray,proposed,optional,Paint code 04V8 [toyota.com configurator URL (XLE Premium default)]. No-cost choice. described as warm dark gray / greige
LE,Exterior color,Storm Cloud,,0,Storm Cloud (gray),exterior gray,proposed,optional,"Paint code 01L6 [toyota.com configurator URL (Limited default)]. No-cost choice. AMBIGUOUS family: described as blue-gray/indigo; gray chosen provisionally, consider dual-tag gray+blue"
LE,Exterior color,Midnight Black Metallic,,0,Midnight Black Metallic (black),exterior black,proposed,optional,Paint code 0218 [third-party]. No-cost choice.
LE,Exterior color,Ruby Flare Pearl,,475,Ruby Flare Pearl (red),exterior red,proposed,optional,Paint code 03T3 [third-party]. Extra-cost paint $475.
LE,Exterior color,Ice Cap,,0,Ice Cap (white),exterior white,proposed,optional,Paint code 0040 [third-party (buildpriceoption/importarchive)]. No-cost choice. Configurator default.
LE,Interior,Black fabric,,0,Seat material: fabric (cloth),cloth seats,proposed,standard,only interior offered on this trim.
LE,Interior,Black fabric,,0,Interior color: Black (black),interior black,proposed,standard,only interior offered on this trim.
LE,not_listed,,,,Power liftgate,power liftgate,proposed,unknown,Not offered as a package/option on this trim in the configurator data: could be standard OR not available; the source does not say. Never a hit from this data alone.
LE,not_listed,,,,Heated steering wheel,heated steering wheel,proposed,unknown,Not offered as a package/option on this trim in the configurator data: could be standard OR not available; the source does not say. Never a hit from this data alone.
LE,not_listed,,,,Rain-sensing wipers,rain sensing wipers,proposed,unknown,Not offered as a package/option on this trim in the configurator data: could be standard OR not available; the source does not say. Never a hit from this data alone.
LE,not_listed,,,,Windshield wiper de-icer,windshield wiper de icer,proposed,unknown,Not offered as a package/option on this trim in the configurator data: could be standard OR not available; the source does not say. Never a hit from this data alone.
LE,not_listed,,,,Power tilt/slide moonroof,moonroof,proposed,unknown,Not offered as a package/option on this trim in the configurator data: could be standard OR not available; the source does not say. Never a hit from this data alone.
LE,not_listed,,,,Panoramic moonroof,panoramic moonroof,proposed,unknown,Not offered as a package/option on this trim in the configurator data: could be standard OR not available; the source does not say. Never a hit from this data alone.
LE,not_listed,,,,Digital rearview mirror,digital rearview mirror,proposed,unknown,Not offered as a package/option on this trim in the configurator data: could be standard OR not available; the source does not say. Never a hit from this data alone.
LE,not_listed,,,,HomeLink garage door opener,homelink garage door opener,proposed,unknown,Not offered as a package/option on this trim in the configurator data: could be standard OR not available; the source does not say. Never a hit from this data alone.
LE,not_listed,,,,Front cross-traffic alert,front cross traffic alert,proposed,unknown,Not offered as a package/option on this trim in the configurator data: could be standard OR not available; the source does not say. Never a hit from this data alone.
LE,not_listed,,,,Lane change assist,lane change assist,proposed,unknown,Not offered as a package/option on this trim in the configurator data: could be standard OR not available; the source does not say. Never a hit from this data alone.
LE,not_listed,,,,Traffic jam assist,traffic jam assist,proposed,unknown,Not offered as a package/option on this trim in the configurator data: could be standard OR not available; the source does not say. Never a hit from this data alone.
LE,not_listed,,,,Driver attention monitor,driver monitor,proposed,unknown,Not offered as a package/option on this trim in the configurator data: could be standard OR not available; the source does not say. Never a hit from this data alone.
LE,not_listed,,,,Advanced Park (automated parking),advanced park,proposed,unknown,Not offered as a package/option on this trim in the configurator data: could be standard OR not available; the source does not say. Never a hit from this data alone.
LE,not_listed,,,,Shift-by-wire toggle shifter,shift by wire shifter,proposed,unknown,Not offered as a package/option on this trim in the configurator data: could be standard OR not available; the source does not say. Never a hit from this data alone.
LE,not_listed,,,,JBL premium audio (9 speakers w/ subwoofer),jbl premium audio,proposed,unknown,Not offered as a package/option on this trim in the configurator data: could be standard OR not available; the source does not say. Never a hit from this data alone.
LE,not_listed,,,,20-inch wheels,20 inch wheels,proposed,unknown,Not offered as a package/option on this trim in the configurator data: could be standard OR not available; the source does not say. Never a hit from this data alone.
LE,not_listed,,,,Larger 18-in. temporary spare,upgraded spare tire,proposed,unknown,Not offered as a package/option on this trim in the configurator data: could be standard OR not available; the source does not say. Never a hit from this data alone.
LE,not_listed,,,,10-In. Color Head-Up Display (HUD),head up display,proposed,unknown,Not offered as a package/option on this trim in the configurator data: could be standard OR not available; the source does not say. Never a hit from this data alone.
SE,Drivetrain,All-Wheel Drive,,1400,All-wheel drive,awd,proposed,optional,"AWD is a $1400 option; source note ""FWD standard"". Repo evidence: 'AWD' kept as a real option in test/inventory_option_rows.test.js (2026-10-07 REAL list)."
SE,Drivetrain,Front-Wheel Drive (from notes),,0,Front-wheel drive,fwd,proposed,standard,"Derived from source note ""FWD standard"" on the AWD row."
SE,Exterior color,Meteor Shower,,0,Meteor Shower (gray),exterior gray,proposed,optional,Paint code 04V8 [toyota.com configurator URL (XLE Premium default)]. No-cost choice. described as warm dark gray / greige
SE,Exterior color,Storm Cloud,,0,Storm Cloud (gray),exterior gray,proposed,optional,"Paint code 01L6 [toyota.com configurator URL (Limited default)]. No-cost choice. AMBIGUOUS family: described as blue-gray/indigo; gray chosen provisionally, consider dual-tag gray+blue"
SE,Exterior color,Midnight Black Metallic,,0,Midnight Black Metallic (black),exterior black,proposed,optional,Paint code 0218 [third-party]. No-cost choice.
SE,Exterior color,Blueprint,,0,Blueprint (blue),exterior blue,proposed,optional,Paint code 08X8 [toyota.com configurator URL (SE default)]. No-cost choice. Configurator default.
SE,Exterior color,Ice Cap,,0,Ice Cap (white),exterior white,proposed,optional,Paint code 0040 [third-party (buildpriceoption/importarchive)]. No-cost choice.
SE,Interior,Black/Blue fabric,,0,Seat material: fabric (cloth),cloth seats,proposed,standard,only interior offered on this trim.
SE,Interior,Black/Blue fabric,,0,Interior color: Black/Blue (black/blue),interior black blue,proposed,standard,only interior offered on this trim.
SE,Factory package,Convenience Package,Convenience Package,400,Convenience Package (package as a unit),convenience package,proposed,optional,"Package-level key: a dealer/sticker line naming the package implies the features below ONLY for 2026 RAV4 SE; package names repeat across Toyota models with different contents, so expansion must be scoped by make+model+year+trim. Contents read from rav4_options.md (blank in CSV). Configurator tag: ""Additional change(s) required"" (depends on other selections; dependency not captured)."
SE,Factory package,Height-adjustable power liftgate (with jam protection),Convenience Package,400,Power liftgate,power liftgate,proposed,optional,"From Convenience Package $400. Source does NOT say hands-free/kick-sensor: never treat as ""hands-free liftgate"". Contents read from rav4_options.md (blank in CSV). Configurator tag: ""Additional change(s) required"" (depends on other selections; dependency not captured)."
SE,Factory package,Weather Package,Weather Package,375,Weather Package (package as a unit),weather package,proposed,optional,"Package-level key: a dealer/sticker line naming the package implies the features below ONLY for 2026 RAV4 SE; package names repeat across Toyota models with different contents, so expansion must be scoped by make+model+year+trim. Contents read from rav4_options.md (blank in CSV)."
SE,Factory package,Heated leather steering wheel,Weather Package,375,Heated steering wheel,heated steering wheel,proposed,optional,From Weather Package $375. Repo evidence: 'heated steering wheel' is in descriptionFeatures.js GENERIC_BASELINE_EQUIPMENT (DealerOn description text DROPS it at crawl time). Contents read from rav4_options.md (blank in CSV).
SE,Factory package,Rain-sensing variable intermittent windshield wipers with de-icer function,Weather Package,375,Rain-sensing wipers,rain sensing wipers,proposed,optional,From Weather Package $375. Repo evidence: 'rain sensing wipers' is in descriptionFeatures.js GENERIC_BASELINE_EQUIPMENT (DealerOn description text DROPS it at crawl time). Contents read from rav4_options.md (blank in CSV).
SE,Factory package,Rain-sensing variable intermittent windshield wipers with de-icer function,Weather Package,375,Windshield wiper de-icer,windshield wiper de icer,proposed,optional,From Weather Package $375. Contents read from rav4_options.md (blank in CSV).
SE,Factory package,Moonroof Package,Moonroof Package,850,Moonroof Package (package as a unit),moonroof package,proposed,optional,"Package-level key: a dealer/sticker line naming the package implies the features below ONLY for 2026 RAV4 SE; package names repeat across Toyota models with different contents, so expansion must be scoped by make+model+year+trim. Contents read from rav4_options.md (blank in CSV). Configurator tag: ""Additional change(s) required"" (depends on other selections; dependency not captured)."
SE,Factory package,Power tilt/slide moonroof with one-touch open/close,Moonroof Package,850,Power tilt/slide moonroof,moonroof,proposed,optional,"From Moonroof Package $850. Conventional single-panel moonroof; NOT panoramic. Contents read from rav4_options.md (blank in CSV). Configurator tag: ""Additional change(s) required"" (depends on other selections; dependency not captured)."
SE,not_listed,,,,Panoramic moonroof,panoramic moonroof,proposed,unknown,Not offered as a package/option on this trim in the configurator data: could be standard OR not available; the source does not say. Never a hit from this data alone.
SE,not_listed,,,,Digital rearview mirror,digital rearview mirror,proposed,unknown,Not offered as a package/option on this trim in the configurator data: could be standard OR not available; the source does not say. Never a hit from this data alone.
SE,not_listed,,,,HomeLink garage door opener,homelink garage door opener,proposed,unknown,Not offered as a package/option on this trim in the configurator data: could be standard OR not available; the source does not say. Never a hit from this data alone.
SE,not_listed,,,,Front cross-traffic alert,front cross traffic alert,proposed,unknown,Not offered as a package/option on this trim in the configurator data: could be standard OR not available; the source does not say. Never a hit from this data alone.
SE,not_listed,,,,Lane change assist,lane change assist,proposed,unknown,Not offered as a package/option on this trim in the configurator data: could be standard OR not available; the source does not say. Never a hit from this data alone.
SE,not_listed,,,,Traffic jam assist,traffic jam assist,proposed,unknown,Not offered as a package/option on this trim in the configurator data: could be standard OR not available; the source does not say. Never a hit from this data alone.
SE,not_listed,,,,Driver attention monitor,driver monitor,proposed,unknown,Not offered as a package/option on this trim in the configurator data: could be standard OR not available; the source does not say. Never a hit from this data alone.
SE,not_listed,,,,Advanced Park (automated parking),advanced park,proposed,unknown,Not offered as a package/option on this trim in the configurator data: could be standard OR not available; the source does not say. Never a hit from this data alone.
SE,not_listed,,,,Shift-by-wire toggle shifter,shift by wire shifter,proposed,unknown,Not offered as a package/option on this trim in the configurator data: could be standard OR not available; the source does not say. Never a hit from this data alone.
SE,not_listed,,,,JBL premium audio (9 speakers w/ subwoofer),jbl premium audio,proposed,unknown,Not offered as a package/option on this trim in the configurator data: could be standard OR not available; the source does not say. Never a hit from this data alone.
SE,not_listed,,,,20-inch wheels,20 inch wheels,proposed,unknown,Not offered as a package/option on this trim in the configurator data: could be standard OR not available; the source does not say. Never a hit from this data alone.
SE,not_listed,,,,Larger 18-in. temporary spare,upgraded spare tire,proposed,unknown,Not offered as a package/option on this trim in the configurator data: could be standard OR not available; the source does not say. Never a hit from this data alone.
SE,not_listed,,,,10-In. Color Head-Up Display (HUD),head up display,proposed,unknown,Not offered as a package/option on this trim in the configurator data: could be standard OR not available; the source does not say. Never a hit from this data alone.
XLE Premium,Drivetrain,All-Wheel Drive,,1400,All-wheel drive,awd,proposed,optional,"AWD is a $1400 option; source note ""FWD standard"". Repo evidence: 'AWD' kept as a real option in test/inventory_option_rows.test.js (2026-10-07 REAL list)."
XLE Premium,Drivetrain,Front-Wheel Drive (from notes),,0,Front-wheel drive,fwd,proposed,standard,"Derived from source note ""FWD standard"" on the AWD row."
XLE Premium,Exterior color,Meteor Shower,,0,Meteor Shower (gray),exterior gray,proposed,optional,Paint code 04V8 [toyota.com configurator URL (XLE Premium default)]. No-cost choice. Configurator default. described as warm dark gray / greige
XLE Premium,Exterior color,Wind Chill Pearl,,475,Wind Chill Pearl (white),exterior white,proposed,optional,Paint code 0089 [third-party]. Extra-cost paint $475.
XLE Premium,Exterior color,Storm Cloud,,0,Storm Cloud (gray),exterior gray,proposed,optional,"Paint code 01L6 [toyota.com configurator URL (Limited default)]. No-cost choice. AMBIGUOUS family: described as blue-gray/indigo; gray chosen provisionally, consider dual-tag gray+blue"
XLE Premium,Exterior color,Midnight Black Metallic,,0,Midnight Black Metallic (black),exterior black,proposed,optional,Paint code 0218 [third-party]. No-cost choice.
XLE Premium,Exterior color,Ruby Flare Pearl,,475,Ruby Flare Pearl (red),exterior red,proposed,optional,Paint code 03T3 [third-party]. Extra-cost paint $475.
XLE Premium,Exterior color,Blueprint,,0,Blueprint (blue),exterior blue,proposed,optional,Paint code 08X8 [toyota.com configurator URL (SE default)]. No-cost choice.
XLE Premium,Exterior color,Ice Cap,,0,Ice Cap (white),exterior white,proposed,optional,Paint code 0040 [third-party (buildpriceoption/importarchive)]. No-cost choice.
XLE Premium,Interior,Light Gray SofTex® trim,,0,Seat material: SofTex (synthetic leather),softex seats,proposed,optional,"one of 3 no-cost interior choices. SofTex is Toyota synthetic leather: must NOT satisfy a genuine ""leather seats"" must-have."
XLE Premium,Interior,Light Gray SofTex® trim,,0,Interior color: Light Gray (gray),interior gray,proposed,optional,one of 3 no-cost interior choices.
XLE Premium,Interior,Black SofTex® trim,,0,Seat material: SofTex (synthetic leather),softex seats,proposed,optional,"one of 3 no-cost interior choices. SofTex is Toyota synthetic leather: must NOT satisfy a genuine ""leather seats"" must-have."
XLE Premium,Interior,Black SofTex® trim,,0,Interior color: Black (black),interior black,proposed,optional,one of 3 no-cost interior choices.
XLE Premium,Interior,Harvest Beige SofTex® trim,,0,Seat material: SofTex (synthetic leather),softex seats,proposed,optional,"one of 3 no-cost interior choices. SofTex is Toyota synthetic leather: must NOT satisfy a genuine ""leather seats"" must-have."
XLE Premium,Interior,Harvest Beige SofTex® trim,,0,Interior color: Harvest Beige (beige),interior beige,proposed,optional,one of 3 no-cost interior choices.
XLE Premium,Factory package,Weather Package,Weather Package,375,Weather Package (package as a unit),weather package,proposed,optional,"Package-level key: a dealer/sticker line naming the package implies the features below ONLY for 2026 RAV4 XLE Premium; package names repeat across Toyota models with different contents, so expansion must be scoped by make+model+year+trim."
XLE Premium,Factory package,Heated leather steering wheel,Weather Package,375,Heated steering wheel,heated steering wheel,proposed,optional,From Weather Package $375. Repo evidence: 'heated steering wheel' is in descriptionFeatures.js GENERIC_BASELINE_EQUIPMENT (DealerOn description text DROPS it at crawl time).
XLE Premium,Factory package,Rain-sensing variable intermittent windshield wipers with de-icer function,Weather Package,375,Rain-sensing wipers,rain sensing wipers,proposed,optional,From Weather Package $375. Repo evidence: 'rain sensing wipers' is in descriptionFeatures.js GENERIC_BASELINE_EQUIPMENT (DealerOn description text DROPS it at crawl time).
XLE Premium,Factory package,Rain-sensing variable intermittent windshield wipers with de-icer function,Weather Package,375,Windshield wiper de-icer,windshield wiper de icer,proposed,optional,From Weather Package $375.
XLE Premium,Factory package,XLE Driver Assist Package,XLE Driver Assist Package,650,XLE Driver Assist Package (package as a unit),xle driver assist package,proposed,optional,"Package-level key: a dealer/sticker line naming the package implies the features below ONLY for 2026 RAV4 XLE Premium; package names repeat across Toyota models with different contents, so expansion must be scoped by make+model+year+trim. Configurator tag: ""Additional change(s) required"" (depends on other selections; dependency not captured)."
XLE Premium,Factory package,Front Cross-Traffic Alert (FCTA),XLE Driver Assist Package,650,Front cross-traffic alert,front cross traffic alert,proposed,optional,"From XLE Driver Assist Package $650. Configurator tag: ""Additional change(s) required"" (depends on other selections; dependency not captured)."
XLE Premium,Factory package,Lane Change Assist (LCA),XLE Driver Assist Package,650,Lane change assist,lane change assist,proposed,optional,"From XLE Driver Assist Package $650. Configurator tag: ""Additional change(s) required"" (depends on other selections; dependency not captured)."
XLE Premium,Factory package,Traffic Jam Assist (TJA),XLE Driver Assist Package,650,Traffic jam assist,traffic jam assist,proposed,optional,"From XLE Driver Assist Package $650. Configurator tag: ""Additional change(s) required"" (depends on other selections; dependency not captured)."
XLE Premium,Factory package,Driver Monitor,XLE Driver Assist Package,650,Driver attention monitor,driver monitor,proposed,optional,"From XLE Driver Assist Package $650. Configurator tag: ""Additional change(s) required"" (depends on other selections; dependency not captured)."
XLE Premium,Factory package,Panoramic Moonroof Package,Panoramic Moonroof Package,1850,Panoramic Moonroof Package (package as a unit),panoramic moonroof package,proposed,optional,"Package-level key: a dealer/sticker line naming the package implies the features below ONLY for 2026 RAV4 XLE Premium; package names repeat across Toyota models with different contents, so expansion must be scoped by make+model+year+trim. Configurator tag: ""Additional change(s) required"" (depends on other selections; dependency not captured)."
XLE Premium,Factory package,Panoramic glass roof with front power tilt/slide moonroof,Panoramic Moonroof Package,1850,Panoramic moonroof,panoramic moonroof,proposed,optional,"From Panoramic Moonroof Package $1850. Repo evidence: 'Panoramic Moonroof' kept as real option in test/inventory_option_rows.test.js (2026-10-08 regression list). Includes a front power tilt/slide section: open question whether it should also satisfy a plain ""moonroof"" must-have. Configurator tag: ""Additional change(s) required"" (depends on other selections; dependency not captured)."
XLE Premium,Factory package,Digital rearview mirror w/HomeLink garage door opener,Panoramic Moonroof Package,1850,Digital rearview mirror,digital rearview mirror,proposed,optional,"From Panoramic Moonroof Package $1850. Configurator tag: ""Additional change(s) required"" (depends on other selections; dependency not captured)."
XLE Premium,Factory package,Digital rearview mirror w/HomeLink garage door opener,Panoramic Moonroof Package,1850,HomeLink garage door opener,homelink garage door opener,proposed,optional,"From Panoramic Moonroof Package $1850. Repo evidence: 'garage door transmitter: homelink' is in descriptionFeatures.js GENERIC_BASELINE_EQUIPMENT (dropped from DealerOn descriptions). Configurator tag: ""Additional change(s) required"" (depends on other selections; dependency not captured)."
XLE Premium,not_listed,,,,Power liftgate,power liftgate,proposed,unknown,Not offered as a package/option on this trim in the configurator data: could be standard OR not available; the source does not say. Never a hit from this data alone.
XLE Premium,not_listed,,,,Power tilt/slide moonroof,moonroof,proposed,unknown,Not offered as a package/option on this trim in the configurator data: could be standard OR not available; the source does not say. Never a hit from this data alone.
XLE Premium,not_listed,,,,Advanced Park (automated parking),advanced park,proposed,unknown,Not offered as a package/option on this trim in the configurator data: could be standard OR not available; the source does not say. Never a hit from this data alone.
XLE Premium,not_listed,,,,Shift-by-wire toggle shifter,shift by wire shifter,proposed,unknown,Not offered as a package/option on this trim in the configurator data: could be standard OR not available; the source does not say. Never a hit from this data alone.
XLE Premium,not_listed,,,,JBL premium audio (9 speakers w/ subwoofer),jbl premium audio,proposed,unknown,Not offered as a package/option on this trim in the configurator data: could be standard OR not available; the source does not say. Never a hit from this data alone.
XLE Premium,not_listed,,,,20-inch wheels,20 inch wheels,proposed,unknown,Not offered as a package/option on this trim in the configurator data: could be standard OR not available; the source does not say. Never a hit from this data alone.
XLE Premium,not_listed,,,,Larger 18-in. temporary spare,upgraded spare tire,proposed,unknown,Not offered as a package/option on this trim in the configurator data: could be standard OR not available; the source does not say. Never a hit from this data alone.
XLE Premium,not_listed,,,,10-In. Color Head-Up Display (HUD),head up display,proposed,unknown,Not offered as a package/option on this trim in the configurator data: could be standard OR not available; the source does not say. Never a hit from this data alone.
Woodland,Drivetrain,All-Wheel Drive,,0,All-wheel drive,awd,proposed,standard,"Source note ""Standard (only drivetrain)"". Repo evidence: 'AWD' kept as a real option in test/inventory_option_rows.test.js (2026-10-07 REAL list)."
Woodland,Exterior color,Everest,,0,Everest (unknown),exterior color family tbd,proposed,optional,Paint code 06X7 [third-party]. No-cost choice. AMBIGUOUS family: sources conflict (muted off-white vs green); not assigned
Woodland,Exterior color,Urban Rock,,0,Urban Rock (gray),exterior gray,proposed,optional,Paint code 01M6 [toyota.com configurator URL (Woodland default)]. No-cost choice. Configurator default. gray-brown
Woodland,Exterior color,Storm Cloud,,0,Storm Cloud (gray),exterior gray,proposed,optional,"Paint code 01L6 [toyota.com configurator URL (Limited default)]. No-cost choice. AMBIGUOUS family: described as blue-gray/indigo; gray chosen provisionally, consider dual-tag gray+blue"
Woodland,Exterior color,Midnight Black Metallic,,0,Midnight Black Metallic (black),exterior black,proposed,optional,Paint code 0218 [third-party]. No-cost choice.
Woodland,Exterior color,Ice Cap,,0,Ice Cap (white),exterior white,proposed,optional,Paint code 0040 [third-party (buildpriceoption/importarchive)]. No-cost choice.
Woodland,Interior,Mineral SofTex® trim,,0,Seat material: SofTex (synthetic leather),softex seats,proposed,optional,"one of 2 no-cost interior choices. SofTex is Toyota synthetic leather: must NOT satisfy a genuine ""leather seats"" must-have."
Woodland,Interior,Mineral SofTex® trim,,0,Interior color: Mineral (green (third-party: sage green; verify)),interior green,proposed,optional,one of 2 no-cost interior choices. Mineral family from third-party description (sage green); verify.
Woodland,Interior,Black SofTex® trim,,0,Seat material: SofTex (synthetic leather),softex seats,proposed,optional,"one of 2 no-cost interior choices. SofTex is Toyota synthetic leather: must NOT satisfy a genuine ""leather seats"" must-have."
Woodland,Interior,Black SofTex® trim,,0,Interior color: Black (black),interior black,proposed,optional,one of 2 no-cost interior choices.
Woodland,Factory package,Moonroof Package,Moonroof Package,850,Moonroof Package (package as a unit),moonroof package,proposed,optional,"Package-level key: a dealer/sticker line naming the package implies the features below ONLY for 2026 RAV4 Woodland; package names repeat across Toyota models with different contents, so expansion must be scoped by make+model+year+trim."
Woodland,Factory package,Power tilt/slide moonroof with one-touch open/close,Moonroof Package,850,Power tilt/slide moonroof,moonroof,proposed,optional,From Moonroof Package $850. Conventional single-panel moonroof; NOT panoramic.
Woodland,not_listed,,,,Front-wheel drive,fwd,proposed,not_available,"Source shows All-Wheel Drive as the only drivetrain on this trim (""Standard (only drivetrain)""), so FWD is not available per the data."
Woodland,not_listed,,,,Power liftgate,power liftgate,proposed,unknown,Not offered as a package/option on this trim in the configurator data: could be standard OR not available; the source does not say. Never a hit from this data alone.
Woodland,not_listed,,,,Heated steering wheel,heated steering wheel,proposed,unknown,Not offered as a package/option on this trim in the configurator data: could be standard OR not available; the source does not say. Never a hit from this data alone.
Woodland,not_listed,,,,Rain-sensing wipers,rain sensing wipers,proposed,unknown,Not offered as a package/option on this trim in the configurator data: could be standard OR not available; the source does not say. Never a hit from this data alone.
Woodland,not_listed,,,,Windshield wiper de-icer,windshield wiper de icer,proposed,unknown,Not offered as a package/option on this trim in the configurator data: could be standard OR not available; the source does not say. Never a hit from this data alone.
Woodland,not_listed,,,,Panoramic moonroof,panoramic moonroof,proposed,unknown,Not offered as a package/option on this trim in the configurator data: could be standard OR not available; the source does not say. Never a hit from this data alone.
Woodland,not_listed,,,,Digital rearview mirror,digital rearview mirror,proposed,unknown,Not offered as a package/option on this trim in the configurator data: could be standard OR not available; the source does not say. Never a hit from this data alone.
Woodland,not_listed,,,,HomeLink garage door opener,homelink garage door opener,proposed,unknown,Not offered as a package/option on this trim in the configurator data: could be standard OR not available; the source does not say. Never a hit from this data alone.
Woodland,not_listed,,,,Front cross-traffic alert,front cross traffic alert,proposed,unknown,Not offered as a package/option on this trim in the configurator data: could be standard OR not available; the source does not say. Never a hit from this data alone.
Woodland,not_listed,,,,Lane change assist,lane change assist,proposed,unknown,Not offered as a package/option on this trim in the configurator data: could be standard OR not available; the source does not say. Never a hit from this data alone.
Woodland,not_listed,,,,Traffic jam assist,traffic jam assist,proposed,unknown,Not offered as a package/option on this trim in the configurator data: could be standard OR not available; the source does not say. Never a hit from this data alone.
Woodland,not_listed,,,,Driver attention monitor,driver monitor,proposed,unknown,Not offered as a package/option on this trim in the configurator data: could be standard OR not available; the source does not say. Never a hit from this data alone.
Woodland,not_listed,,,,Advanced Park (automated parking),advanced park,proposed,unknown,Not offered as a package/option on this trim in the configurator data: could be standard OR not available; the source does not say. Never a hit from this data alone.
Woodland,not_listed,,,,Shift-by-wire toggle shifter,shift by wire shifter,proposed,unknown,Not offered as a package/option on this trim in the configurator data: could be standard OR not available; the source does not say. Never a hit from this data alone.
Woodland,not_listed,,,,JBL premium audio (9 speakers w/ subwoofer),jbl premium audio,proposed,unknown,Not offered as a package/option on this trim in the configurator data: could be standard OR not available; the source does not say. Never a hit from this data alone.
Woodland,not_listed,,,,20-inch wheels,20 inch wheels,proposed,unknown,Not offered as a package/option on this trim in the configurator data: could be standard OR not available; the source does not say. Never a hit from this data alone.
Woodland,not_listed,,,,Larger 18-in. temporary spare,upgraded spare tire,proposed,unknown,Not offered as a package/option on this trim in the configurator data: could be standard OR not available; the source does not say. Never a hit from this data alone.
Woodland,not_listed,,,,10-In. Color Head-Up Display (HUD),head up display,proposed,unknown,Not offered as a package/option on this trim in the configurator data: could be standard OR not available; the source does not say. Never a hit from this data alone.
XSE,Drivetrain,All-Wheel Drive,,0,All-wheel drive,awd,proposed,standard,"Source note ""Standard (only drivetrain)"". Repo evidence: 'AWD' kept as a real option in test/inventory_option_rows.test.js (2026-10-07 REAL list)."
XSE,Exterior color,Storm Cloud with Midnight Black Metallic roof,,500,Storm Cloud with Midnight Black Metallic roof — body Storm Cloud (gray),exterior gray,proposed,optional,"Two-tone; body color family gray. Paint code 0M22. Extra-cost paint $500. AMBIGUOUS family: described as blue-gray/indigo; gray chosen provisionally, consider dual-tag gray+blue"
XSE,Exterior color,Storm Cloud with Midnight Black Metallic roof,,500,"Two-tone paint, black roof",two tone black roof,proposed,optional,XSE-only two-tone (black roof) per source. Extra-cost paint $500.
XSE,Exterior color,Midnight Black Metallic,,0,Midnight Black Metallic (black),exterior black,proposed,optional,Paint code 0218 [third-party]. No-cost choice.
XSE,Exterior color,Wind Chill Pearl with Midnight Black Metallic roof,,975,Wind Chill Pearl with Midnight Black Metallic roof — body Wind Chill Pearl (white),exterior white,proposed,optional,"Two-tone; body color family white. Paint code 02VP (toyota.com configurator URL, XSE default). Extra-cost paint $975. Configurator default."
XSE,Exterior color,Wind Chill Pearl with Midnight Black Metallic roof,,975,"Two-tone paint, black roof",two tone black roof,proposed,optional,XSE-only two-tone (black roof) per source. Extra-cost paint $975. Configurator default.
XSE,Exterior color,Meteor Shower with Midnight Black Metallic roof,,500,Meteor Shower with Midnight Black Metallic roof — body Meteor Shower (gray),exterior gray,proposed,optional,Two-tone; body color family gray. Paint code 02SQ. Extra-cost paint $500. described as warm dark gray / greige
XSE,Exterior color,Meteor Shower with Midnight Black Metallic roof,,500,"Two-tone paint, black roof",two tone black roof,proposed,optional,XSE-only two-tone (black roof) per source. Extra-cost paint $500.
XSE,Interior,Black/Blue SofTex®/fabric mixed media trim,,0,Seat material: SofTex/fabric mixed media,softex fabric seats,proposed,standard,"only interior offered on this trim. SofTex is Toyota synthetic leather: must NOT satisfy a genuine ""leather seats"" must-have."
XSE,Interior,Black/Blue SofTex®/fabric mixed media trim,,0,Interior color: Black/Blue (black/blue),interior black blue,proposed,standard,only interior offered on this trim.
XSE,Factory package,Weather Package,Weather Package,375,Weather Package (package as a unit),weather package,proposed,optional,"Package-level key: a dealer/sticker line naming the package implies the features below ONLY for 2026 RAV4 XSE; package names repeat across Toyota models with different contents, so expansion must be scoped by make+model+year+trim."
XSE,Factory package,Heated leather steering wheel,Weather Package,375,Heated steering wheel,heated steering wheel,proposed,optional,From Weather Package $375. Repo evidence: 'heated steering wheel' is in descriptionFeatures.js GENERIC_BASELINE_EQUIPMENT (DealerOn description text DROPS it at crawl time).
XSE,Factory package,Rain-sensing variable intermittent windshield wipers with de-icer function,Weather Package,375,Rain-sensing wipers,rain sensing wipers,proposed,optional,From Weather Package $375. Repo evidence: 'rain sensing wipers' is in descriptionFeatures.js GENERIC_BASELINE_EQUIPMENT (DealerOn description text DROPS it at crawl time).
XSE,Factory package,Rain-sensing variable intermittent windshield wipers with de-icer function,Weather Package,375,Windshield wiper de-icer,windshield wiper de icer,proposed,optional,From Weather Package $375.
XSE,Factory package,XSE Driver Assist Package,XSE Driver Assist Package,420,XSE Driver Assist Package (package as a unit),xse driver assist package,proposed,optional,"Package-level key: a dealer/sticker line naming the package implies the features below ONLY for 2026 RAV4 XSE; package names repeat across Toyota models with different contents, so expansion must be scoped by make+model+year+trim. Configurator tag: ""Additional change(s) required"" (depends on other selections; dependency not captured)."
XSE,Factory package,Advanced Park,XSE Driver Assist Package,420,Advanced Park (automated parking),advanced park,proposed,optional,"From XSE Driver Assist Package $420. Configurator tag: ""Additional change(s) required"" (depends on other selections; dependency not captured)."
XSE,Factory package,Toggle switch shift-by-wire shifter,XSE Driver Assist Package,420,Shift-by-wire toggle shifter,shift by wire shifter,proposed,optional,"From XSE Driver Assist Package $420. Low buyer value; included for completeness. Configurator tag: ""Additional change(s) required"" (depends on other selections; dependency not captured)."
XSE,Factory package,JBL® Premium Audio Package,JBL® Premium Audio Package,620,JBL Premium Audio Package (package as a unit),jbl premium audio package,proposed,optional,"Package-level key: a dealer/sticker line naming the package implies the features below ONLY for 2026 RAV4 XSE; package names repeat across Toyota models with different contents, so expansion must be scoped by make+model+year+trim. Configurator tag: ""Additional change(s) required"" (depends on other selections; dependency not captured)."
XSE,Factory package,JBL 9-speaker Premium Audio system including subwoofer,JBL® Premium Audio Package,620,JBL premium audio (9 speakers w/ subwoofer),jbl premium audio,proposed,optional,"From JBL® Premium Audio Package $620. Configurator tag: ""Additional change(s) required"" (depends on other selections; dependency not captured)."
XSE,Factory package,Panoramic Moonroof Package,Panoramic Moonroof Package,700,Panoramic Moonroof Package (package as a unit),panoramic moonroof package,proposed,optional,"Package-level key: a dealer/sticker line naming the package implies the features below ONLY for 2026 RAV4 XSE; package names repeat across Toyota models with different contents, so expansion must be scoped by make+model+year+trim. Configurator tag: ""Additional change(s) required"" (depends on other selections; dependency not captured)."
XSE,Factory package,Panoramic glass roof with front power tilt/slide moonroof,Panoramic Moonroof Package,700,Panoramic moonroof,panoramic moonroof,proposed,optional,"From Panoramic Moonroof Package $700. Repo evidence: 'Panoramic Moonroof' kept as real option in test/inventory_option_rows.test.js (2026-10-08 regression list). Includes a front power tilt/slide section: open question whether it should also satisfy a plain ""moonroof"" must-have. Configurator tag: ""Additional change(s) required"" (depends on other selections; dependency not captured)."
XSE,Factory package,Digital rearview mirror w/HomeLink garage door opener,Panoramic Moonroof Package,700,Digital rearview mirror,digital rearview mirror,proposed,optional,"From Panoramic Moonroof Package $700. Configurator tag: ""Additional change(s) required"" (depends on other selections; dependency not captured)."
XSE,Factory package,Digital rearview mirror w/HomeLink garage door opener,Panoramic Moonroof Package,700,HomeLink garage door opener,homelink garage door opener,proposed,optional,"From Panoramic Moonroof Package $700. Repo evidence: 'garage door transmitter: homelink' is in descriptionFeatures.js GENERIC_BASELINE_EQUIPMENT (dropped from DealerOn descriptions). Configurator tag: ""Additional change(s) required"" (depends on other selections; dependency not captured)."
XSE,not_listed,,,,Front-wheel drive,fwd,proposed,not_available,"Source shows All-Wheel Drive as the only drivetrain on this trim (""Standard (only drivetrain)""), so FWD is not available per the data."
XSE,not_listed,,,,Power liftgate,power liftgate,proposed,unknown,Not offered as a package/option on this trim in the configurator data: could be standard OR not available; the source does not say. Never a hit from this data alone.
XSE,not_listed,,,,Power tilt/slide moonroof,moonroof,proposed,unknown,Not offered as a package/option on this trim in the configurator data: could be standard OR not available; the source does not say. Never a hit from this data alone.
XSE,not_listed,,,,Front cross-traffic alert,front cross traffic alert,proposed,unknown,Not offered as a package/option on this trim in the configurator data: could be standard OR not available; the source does not say. Never a hit from this data alone.
XSE,not_listed,,,,Lane change assist,lane change assist,proposed,unknown,Not offered as a package/option on this trim in the configurator data: could be standard OR not available; the source does not say. Never a hit from this data alone.
XSE,not_listed,,,,Traffic jam assist,traffic jam assist,proposed,unknown,Not offered as a package/option on this trim in the configurator data: could be standard OR not available; the source does not say. Never a hit from this data alone.
XSE,not_listed,,,,Driver attention monitor,driver monitor,proposed,unknown,Not offered as a package/option on this trim in the configurator data: could be standard OR not available; the source does not say. Never a hit from this data alone.
XSE,not_listed,,,,20-inch wheels,20 inch wheels,proposed,unknown,Not offered as a package/option on this trim in the configurator data: could be standard OR not available; the source does not say. Never a hit from this data alone.
XSE,not_listed,,,,Larger 18-in. temporary spare,upgraded spare tire,proposed,unknown,Not offered as a package/option on this trim in the configurator data: could be standard OR not available; the source does not say. Never a hit from this data alone.
XSE,not_listed,,,,10-In. Color Head-Up Display (HUD),head up display,proposed,unknown,Not offered as a package/option on this trim in the configurator data: could be standard OR not available; the source does not say. Never a hit from this data alone.
Limited,Exterior color,Meteor Shower,,0,Meteor Shower (gray),exterior gray,proposed,optional,Paint code 04V8 [toyota.com configurator URL (XLE Premium default)]. No-cost choice. described as warm dark gray / greige
Limited,Exterior color,Wind Chill Pearl,,475,Wind Chill Pearl (white),exterior white,proposed,optional,Paint code 0089 [third-party]. Extra-cost paint $475.
Limited,Exterior color,Storm Cloud,,0,Storm Cloud (gray),exterior gray,proposed,optional,"Paint code 01L6 [toyota.com configurator URL (Limited default)]. No-cost choice. Configurator default. AMBIGUOUS family: described as blue-gray/indigo; gray chosen provisionally, consider dual-tag gray+blue"
Limited,Exterior color,Midnight Black Metallic,,0,Midnight Black Metallic (black),exterior black,proposed,optional,Paint code 0218 [third-party]. No-cost choice.
Limited,Exterior color,Ruby Flare Pearl,,475,Ruby Flare Pearl (red),exterior red,proposed,optional,Paint code 03T3 [third-party]. Extra-cost paint $475.
Limited,Exterior color,Blueprint,,0,Blueprint (blue),exterior blue,proposed,optional,Paint code 08X8 [toyota.com configurator URL (SE default)]. No-cost choice.
Limited,Interior,Harvest Beige SofTex® trim,,0,Seat material: SofTex (synthetic leather),softex seats,proposed,optional,"one of 3 no-cost interior choices. SofTex is Toyota synthetic leather: must NOT satisfy a genuine ""leather seats"" must-have."
Limited,Interior,Harvest Beige SofTex® trim,,0,Interior color: Harvest Beige (beige),interior beige,proposed,optional,one of 3 no-cost interior choices.
Limited,Interior,Black SofTex® trim,,0,Seat material: SofTex (synthetic leather),softex seats,proposed,optional,"one of 3 no-cost interior choices. SofTex is Toyota synthetic leather: must NOT satisfy a genuine ""leather seats"" must-have."
Limited,Interior,Black SofTex® trim,,0,Interior color: Black (black),interior black,proposed,optional,one of 3 no-cost interior choices.
Limited,Interior,Light Gray SofTex® trim,,0,Seat material: SofTex (synthetic leather),softex seats,proposed,optional,"one of 3 no-cost interior choices. SofTex is Toyota synthetic leather: must NOT satisfy a genuine ""leather seats"" must-have."
Limited,Interior,Light Gray SofTex® trim,,0,Interior color: Light Gray (gray),interior gray,proposed,optional,one of 3 no-cost interior choices.
Limited,Drivetrain,All-Wheel Drive,,0,All-wheel drive,awd,proposed,standard,"Source note ""Standard (only drivetrain)"". Repo evidence: 'AWD' kept as a real option in test/inventory_option_rows.test.js (2026-10-07 REAL list)."
Limited,Factory package,20-In. Wheel Package,20-In. Wheel Package,1240,20-In. Wheel Package (package as a unit),20 in wheel package,proposed,optional,"Package-level key: a dealer/sticker line naming the package implies the features below ONLY for 2026 RAV4 Limited; package names repeat across Toyota models with different contents, so expansion must be scoped by make+model+year+trim. Configurator tag: ""Additional change(s) required"" (depends on other selections; dependency not captured)."
Limited,Factory package,20-in. wheels with 235/50R20 All-Season tires,20-In. Wheel Package,1240,20-inch wheels,20 inch wheels,proposed,optional,"From 20-In. Wheel Package $1240. Configurator tag: ""Additional change(s) required"" (depends on other selections; dependency not captured)."
Limited,Factory package,Larger 165/90D18 spare tire/wheel combo,20-In. Wheel Package,1240,Larger 18-in. temporary spare,upgraded spare tire,proposed,optional,"From 20-In. Wheel Package $1240. Larger temporary spare, NOT full-size; low buyer value. Configurator tag: ""Additional change(s) required"" (depends on other selections; dependency not captured)."
Limited,Factory option,10-In. Color Head-Up Display (HUD),10-In. Color Head-Up Display (HUD),600,10-In. Color Head-Up Display (HUD),head up display,proposed,optional,Standalone factory option (Limited Options tab).
Limited,not_listed,,,,Front-wheel drive,fwd,proposed,not_available,"Source shows All-Wheel Drive as the only drivetrain on this trim (""Standard (only drivetrain)""), so FWD is not available per the data."
Limited,not_listed,,,,Power liftgate,power liftgate,proposed,unknown,Not offered as a package/option on this trim in the configurator data: could be standard OR not available; the source does not say. Never a hit from this data alone.
Limited,not_listed,,,,Heated steering wheel,heated steering wheel,proposed,unknown,Not offered as a package/option on this trim in the configurator data: could be standard OR not available; the source does not say. Never a hit from this data alone.
Limited,not_listed,,,,Rain-sensing wipers,rain sensing wipers,proposed,unknown,Not offered as a package/option on this trim in the configurator data: could be standard OR not available; the source does not say. Never a hit from this data alone.
Limited,not_listed,,,,Windshield wiper de-icer,windshield wiper de icer,proposed,unknown,Not offered as a package/option on this trim in the configurator data: could be standard OR not available; the source does not say. Never a hit from this data alone.
Limited,not_listed,,,,Power tilt/slide moonroof,moonroof,proposed,unknown,Not offered as a package/option on this trim in the configurator data: could be standard OR not available; the source does not say. Never a hit from this data alone.
Limited,not_listed,,,,Panoramic moonroof,panoramic moonroof,proposed,unknown,Not offered as a package/option on this trim in the configurator data: could be standard OR not available; the source does not say. Never a hit from this data alone.
Limited,not_listed,,,,Digital rearview mirror,digital rearview mirror,proposed,unknown,Not offered as a package/option on this trim in the configurator data: could be standard OR not available; the source does not say. Never a hit from this data alone.
Limited,not_listed,,,,HomeLink garage door opener,homelink garage door opener,proposed,unknown,Not offered as a package/option on this trim in the configurator data: could be standard OR not available; the source does not say. Never a hit from this data alone.
Limited,not_listed,,,,Front cross-traffic alert,front cross traffic alert,proposed,unknown,Not offered as a package/option on this trim in the configurator data: could be standard OR not available; the source does not say. Never a hit from this data alone.
Limited,not_listed,,,,Lane change assist,lane change assist,proposed,unknown,Not offered as a package/option on this trim in the configurator data: could be standard OR not available; the source does not say. Never a hit from this data alone.
Limited,not_listed,,,,Traffic jam assist,traffic jam assist,proposed,unknown,Not offered as a package/option on this trim in the configurator data: could be standard OR not available; the source does not say. Never a hit from this data alone.
Limited,not_listed,,,,Driver attention monitor,driver monitor,proposed,unknown,Not offered as a package/option on this trim in the configurator data: could be standard OR not available; the source does not say. Never a hit from this data alone.
Limited,not_listed,,,,Advanced Park (automated parking),advanced park,proposed,unknown,Not offered as a package/option on this trim in the configurator data: could be standard OR not available; the source does not say. Never a hit from this data alone.
Limited,not_listed,,,,Shift-by-wire toggle shifter,shift by wire shifter,proposed,unknown,Not offered as a package/option on this trim in the configurator data: could be standard OR not available; the source does not say. Never a hit from this data alone.
Limited,not_listed,,,,JBL premium audio (9 speakers w/ subwoofer),jbl premium audio,proposed,unknown,Not offered as a package/option on this trim in the configurator data: could be standard OR not available; the source does not say. Never a hit from this data alone.
