dealer_id,dealer_name,state,brand,stale_cars,why_held,last_log_outcome
11249,"Mercedes-Benz of Coconut Creek",FL,mercedes-benz,2887,"crawled since 9/27 but its rows are still stale: a sync/shard question, re-crawling would not fix it","crawled: 8520 URLs (box4 2026-10-09)"
12243,"Fred Beans Hyundai Of Mechanicsburg",PA,hyundai,978,"skipped, blocked or aborted in its job's log since 9/27: re-running repeats the failure","started (box2 2026-10-08)"
7513,"Johnson Lexus of Raleigh",NC,lexus,940,"crawled since 9/27 but its rows are still stale: a sync/shard question, re-crawling would not fix it","crawled: 976 URLs (box2 2026-10-08)"
17163,"NISSAN OF MARIETTA",GA,nissan,758,"crawled since 9/27 but its rows are still stale: a sync/shard question, re-crawling would not fix it","crawled: 1135 URLs (box2 2026-10-08)"
7585,"Lexus Escondido",CA,lexus,582,"skipped, blocked or aborted in its job's log since 9/27: re-running repeats the failure","no-urls: no inventory URLs found (sitemap empty / blocked) (box2 2026-10-08)"
12629,"Kia of Cape Coral",FL,kia,579,"skipped, blocked or aborted in its job's log since 9/27: re-running repeats the failure","no-urls: no inventory URLs found (sitemap empty / blocked) (box4 2026-10-09)"
13768,"W & L Subaru",PA,subaru,544,"skipped, blocked or aborted in its job's log since 9/27: re-running repeats the failure","started (box2 2026-10-08)"
629,"Mt. Orab Ford, Inc.",OH,ford,447,"crawled since 9/27 but its rows are still stale: a sync/shard question, re-crawling would not fix it","crawled: 951 URLs (box3 2026-10-08)"
14901,"Audi North Orlando",FL,audi,384,"skipped, blocked or aborted in its job's log since 9/27: re-running repeats the failure","started (box4 2026-10-09)"
5266,"Plaza Honda",NY,honda,371,"crawled since 9/27 but its rows are still stale: a sync/shard question, re-crawling would not fix it","crawled: 72 URLs (box1 2026-10-08)"
6146,"Herb Chambers Honda",MA,honda,336,"crawled since 9/27 but its rows are still stale: a sync/shard question, re-crawling would not fix it","started (box3 2026-10-09)"
3823,"Savage 61 Chrysler Dodge Jeep Ram",PA,stellantis,282,"crawled since 9/27 but its rows are still stale: a sync/shard question, re-crawling would not fix it","crawled: 417 URLs (box3 2026-10-08)"
2726,"Watson Ludington",MI,stellantis,259,"crawled since 9/27 but its rows are still stale: a sync/shard question, re-crawling would not fix it","crawled: 407 URLs (box3 2026-10-08)"
6785,"Jeff Wyler Toyota of Springfield",OH,toyota,240,"skipped, blocked or aborted in its job's log since 9/27: re-running repeats the failure","no-urls: no inventory URLs found (sitemap empty / blocked) (box1 2026-10-08)"
13427,"Twin Falls Subaru",ID,subaru,226,"skipped, blocked or aborted in its job's log since 9/27: re-running repeats the failure","no-urls: no inventory URLs found (sitemap empty / blocked) (box1 2026-10-08)"
15852,"Piazza Volkswagen of Ardmore",PA,volkswagen,225,"skipped, blocked or aborted in its job's log since 9/27: re-running repeats the failure","started (box2 2026-10-08)"
7555,"North Park Lexus of San Antonio",TX,lexus,215,"skipped, blocked or aborted in its job's log since 9/27: re-running repeats the failure","no-urls: no inventory URLs found (sitemap empty / blocked) (box2 2026-10-08)"
12242,"Fred Beans Hyundai Of Langhorne",PA,hyundai,211,"skipped, blocked or aborted in its job's log since 9/27: re-running repeats the failure","started (box2 2026-10-08)"
1641,"Vance Country Ford.",OK,ford,200,"crawled since 9/27 but its rows are still stale: a sync/shard question, re-crawling would not fix it","crawled: 485 URLs (box4 2026-10-08)"
4863,"Crown Acura",FL,acura,153,"skipped, blocked or aborted in its job's log since 9/27: re-running repeats the failure","no-urls: no inventory URLs found (sitemap empty / blocked) (box4 2026-10-09)"
13438,"Liberty Subaru",IL,subaru,151,"skipped, blocked or aborted in its job's log since 9/27: re-running repeats the failure","no-urls: no inventory URLs found (sitemap empty / blocked) (box4 2026-10-09)"
14318,"MOYER MAZDA",PA,mazda,140,"skipped, blocked or aborted in its job's log since 9/27: re-running repeats the failure","skip: CLOUDFLARE 403 — Cloudflare mitigated (challenge) (box2 2026-10-08)"
13766,"Subaru of Wyoming Valley",PA,subaru,137,"skipped, blocked or aborted in its job's log since 9/27: re-running repeats the failure","started (box2 2026-10-08)"
5135,"Schomp Honda",CO,honda,123,"skipped, blocked or aborted in its job's log since 9/27: re-running repeats the failure","no-urls: no inventory URLs found (sitemap empty / blocked) (box2 2026-10-08)"
17885,"FREEDOM NISSAN",VT,nissan,117,"crawled since 9/27 but its rows are still stale: a sync/shard question, re-crawling would not fix it","started (box2 2026-10-08)"
12489,"Ed Morse Kia",AZ,kia,116,"crawled since 9/27 but its rows are still stale: a sync/shard question, re-crawling would not fix it","crawled: 185 URLs (box1 2026-10-08)"
5201,"The Automaster Honda",VT,honda,107,"skipped, blocked or aborted in its job's log since 9/27: re-running repeats the failure","started (box2 2026-10-08)"
6603,"Nalley Toyota Union City",GA,toyota,91,"skipped, blocked or aborted in its job's log since 9/27: re-running repeats the failure","started (box2 2026-10-08)"
12241,"Fred Beans Hyundai Of Doylestown",PA,hyundai,63,"skipped, blocked or aborted in its job's log since 9/27: re-running repeats the failure","started (box2 2026-10-08)"
11261,"Mercedes-Benz of Miami",FL,mercedes-benz,59,"crawled since 9/27 but its rows are still stale: a sync/shard question, re-crawling would not fix it","crawled: 8423 URLs (box4 2026-10-09)"
1480,"Farris Ford",TN,ford,57,"crawled since 9/27 but its rows are still stale: a sync/shard question, re-crawling would not fix it","crawled: 127 URLs (box4 2026-10-08)"
18083,"JACKIE COOPER INFINITI",OK,infiniti,57,"skipped, blocked or aborted in its job's log since 9/27: re-running repeats the failure","no-urls: no inventory URLs found (sitemap empty / blocked) (box2 2026-10-08)"
7584,"Lexus Carlsbad",CA,lexus,53,"skipped, blocked or aborted in its job's log since 9/27: re-running repeats the failure","no-urls: no inventory URLs found (sitemap empty / blocked) (box2 2026-10-08)"
8725,"Sudbay Chevrolet Cadillac GMC, INC.",MA,gmc,52,"crawled since 9/27 but its rows are still stale: a sync/shard question, re-crawling would not fix it","crawled: 89 URLs (box4 2026-10-08)"
12168,"Columbia Hyundai",OH,hyundai,52,"skipped, blocked or aborted in its job's log since 9/27: re-running repeats the failure","skip: CLOUDFLARE 403 — Cloudflare mitigated (challenge) (box1 2026-10-08)"
1435,"Moberly Motor Company",MO,ford,46,"skipped, blocked or aborted in its job's log since 9/27: re-running repeats the failure","started (box4 2026-10-08)"
2321,"Vance Chrysler Dodge Jeep Ram",OK,stellantis,44,"crawled since 9/27 but its rows are still stale: a sync/shard question, re-crawling would not fix it","crawled: 536 URLs (box4 2026-10-08)"
17244,"DORSETT NISSAN",IN,nissan,41,"crawled since 9/27 but its rows are still stale: a sync/shard question, re-crawling would not fix it","crawled: 220 URLs (box2 2026-10-08)"
583,"Donley Ford of Ashland, Inc.",OH,ford,38,"crawled since 9/27 but its rows are still stale: a sync/shard question, re-crawling would not fix it","crawled: 293 URLs (box3 2026-10-08)"
584,"Donley Ford of Shelby",OH,ford,37,"crawled since 9/27 but its rows are still stale: a sync/shard question, re-crawling would not fix it","crawled: 293 URLs (box3 2026-10-08)"
18223,"RC Hill Mitsubishi-Deland",FL,mitsubishi,33,"crawled since 9/27 but its rows are still stale: a sync/shard question, re-crawling would not fix it","crawled: 402 URLs (box4 2026-10-09)"
5356,"Straub Honda",WV,honda,31,"skipped, blocked or aborted in its job's log since 9/27: re-running repeats the failure","no-urls: no inventory URLs found (sitemap empty / blocked) (box2 2026-10-08)"
2318,"Pischke Motors Incorporated",WI,stellantis,28,"crawled since 9/27 but its rows are still stale: a sync/shard question, re-crawling would not fix it","crawled: 424 URLs (box3 2026-10-08)"
12887,"Hendrick Kia of Concord",NC,kia,27,"skipped, blocked or aborted in its job's log since 9/27: re-running repeats the failure","started (box2 2026-10-08)"
9297,"Baumann Chevrolet Genoa",OH,chevrolet,26,"crawled since 9/27 but its rows are still stale: a sync/shard question, re-crawling would not fix it","crawled: 635 URLs (box3 2026-10-08)"
3030,"Moore Motor Sales",MI,stellantis,23,"skipped, blocked or aborted in its job's log since 9/27: re-running repeats the failure","started (box3 2026-10-08)"
12995,"Coughlin Kia of Dublin",OH,kia,20,"crawled since 9/27 but its rows are still stale: a sync/shard question, re-crawling would not fix it","crawled: 2044 URLs (box1 2026-10-08)"
2985,"Randy Wise Chrysler Dodge Jeep Ram",MI,stellantis,19,"crawled since 9/27 but its rows are still stale: a sync/shard question, re-crawling would not fix it","crawled: 540 URLs (box3 2026-10-08)"
14756,"MINI of Des Moines",IA,mini,19,"skipped, blocked or aborted in its job's log since 9/27: re-running repeats the failure","no-urls: no inventory URLs found (sitemap empty / blocked) (box1 2026-10-08)"
15973,"Volkswagen Clear Lake",TX,volkswagen,18,"crawled since 9/27 but its rows are still stale: a sync/shard question, re-crawling would not fix it","crawled: 801 URLs (box2 2026-10-08)"
16971,"CORONA NISSAN",CA,nissan,14,"skipped, blocked or aborted in its job's log since 9/27: re-running repeats the failure","no-urls: no inventory URLs found (sitemap empty / blocked) (box2 2026-10-08)"
9916,"Lynch Chevrolet GMC",WI,gmc,10,"crawled since 9/27 but its rows are still stale: a sync/shard question, re-crawling would not fix it","crawled: 582 URLs (box3 2026-10-08)"
1068,"Feyer Ford of Williamston",NC,ford,8,"skipped, blocked or aborted in its job's log since 9/27: re-running repeats the failure","started (box4 2026-10-08)"
11966,"Fitzgerald Hyundai",MD,hyundai,7,"crawled since 9/27 but its rows are still stale: a sync/shard question, re-crawling would not fix it","crawled: 1321 URLs (box2 2026-10-08)"
12812,"Bill Dodge Kia",ME,kia,7,"crawled since 9/27 but its rows are still stale: a sync/shard question, re-crawling would not fix it","crawled: 539 URLs (box2 2026-10-08)"
16007,"Lindsay Volkswagen of Dulles",VA,volkswagen,7,"crawled since 9/27 but its rows are still stale: a sync/shard question, re-crawling would not fix it","crawled: 801 URLs (box1 2026-10-08)"
6098,"Ciocca Honda of Hanover",PA,honda,6,"skipped, blocked or aborted in its job's log since 9/27: re-running repeats the failure","started (box2 2026-10-08)"
15613,"Flow Volkswagen of Burlington",NC,volkswagen,6,"crawled since 9/27 but its rows are still stale: a sync/shard question, re-crawling would not fix it","crawled: 1099 URLs (box2 2026-10-08)"
631,"Nick Mayer Ford (Mayfield Heights, OH)",OH,ford,5,"crawled since 9/27 but its rows are still stale: a sync/shard question, re-crawling would not fix it","crawled: 836 URLs (box3 2026-10-08)"
569,"Coughlin Ford",OH,ford,4,"crawled since 9/27 but its rows are still stale: a sync/shard question, re-crawling would not fix it","crawled: 1000 URLs (box3 2026-10-08)"
2752,"All Star Dodge Chrysler Jeep Ram FIAT",TX,stellantis,4,"crawled since 9/27 but its rows are still stale: a sync/shard question, re-crawling would not fix it","crawled: 217 URLs (box3 2026-10-08)"
5852,"Flow Honda of Burlington",NC,honda,4,"crawled since 9/27 but its rows are still stale: a sync/shard question, re-crawling would not fix it","crawled: 1135 URLs (box2 2026-10-08)"
8422,"Le Mars Chevrolet",IA,chevrolet,4,"crawled since 9/27 but its rows are still stale: a sync/shard question, re-crawling would not fix it","crawled: 111 URLs (box3 2026-10-08)"
9927,"Lynch Chevrolet of Kenosha",WI,chevrolet,4,"crawled since 9/27 but its rows are still stale: a sync/shard question, re-crawling would not fix it","crawled: 647 URLs (box3 2026-10-08)"
15519,"Fitzgerald Volkswagen of Annapolis",MD,volkswagen,4,"crawled since 9/27 but its rows are still stale: a sync/shard question, re-crawling would not fix it","crawled: 1192 URLs (box2 2026-10-08)"
16097,"Cypress Coast Lincoln",CA,lincoln,4,"skipped, blocked or aborted in its job's log since 9/27: re-running repeats the failure","no-urls: no inventory URLs found (sitemap empty / blocked) (box4 2026-10-08)"
1134,"Freehold Ford",NJ,ford,3,"skipped, blocked or aborted in its job's log since 9/27: re-running repeats the failure","skip: CLOUDFLARE 403 — Cloudflare mitigated (challenge) (box3 2026-10-08)"
17565,"LIA NISSAN",NY,nissan,3,"crawled since 9/27 but its rows are still stale: a sync/shard question, re-crawling would not fix it","crawled: 1867 URLs (box1 2026-10-08)"
1794,"Quality Ford, Inc.",OK,ford,2,"skipped, blocked or aborted in its job's log since 9/27: re-running repeats the failure","no-urls: no inventory URLs found (sitemap empty / blocked) (box4 2026-10-08)"
7345,"Lexus of Tucson",AZ,lexus,2,"crawled since 9/27 but its rows are still stale: a sync/shard question, re-crawling would not fix it","crawled: 259 URLs (box1 2026-10-08)"
11672,"Hanford Hyundai",CA,hyundai,2,"crawled since 9/27 but its rows are still stale: a sync/shard question, re-crawling would not fix it","crawled: 879 URLs (box2 2026-10-08)"
930,"Leif Johnson Ford of Manor",TX,ford,1,"skipped, blocked or aborted in its job's log since 9/27: re-running repeats the failure","skip: CLOUDFLARE 403 — Cloudflare mitigated (challenge) (box3 2026-10-08)"
1031,"Crossroads Ford of Fuquay-Varina, Inc.",NC,ford,1,"crawled since 9/27 but its rows are still stale: a sync/shard question, re-crawling would not fix it","crawled: 1000 URLs (box4 2026-10-08)"
1165,"Cavalier Ford at Chesapeake Square",VA,ford,1,"crawled since 9/27 but its rows are still stale: a sync/shard question, re-crawling would not fix it","crawled: 790 URLs (box3 2026-10-08)"
1176,"Ted Britt Chantilly Ford",VA,ford,1,"crawled since 9/27 but its rows are still stale: a sync/shard question, re-crawling would not fix it","crawled: 1000 URLs (box3 2026-10-08)"
1186,"Magic City Ford Lexington",VA,ford,1,"crawled since 9/27 but its rows are still stale: a sync/shard question, re-crawling would not fix it","crawled: 381 URLs (box3 2026-10-08)"
1837,"Suntrup Ford - Kirkwood",MO,ford,1,"crawled since 9/27 but its rows are still stale: a sync/shard question, re-crawling would not fix it","crawled: 542 URLs (box4 2026-10-08)"
2743,"Tom O'Brien Chrysler Jeep Dodge -Greenwood",IN,stellantis,1,"crawled since 9/27 but its rows are still stale: a sync/shard question, re-crawling would not fix it","crawled: 873 URLs (box3 2026-10-08)"
5318,"Lia Honda",NY,honda,1,"crawled since 9/27 but its rows are still stale: a sync/shard question, re-crawling would not fix it","crawled: 1715 URLs (box1 2026-10-08)"
6051,"#1 Cochran Honda Johnstown",PA,honda,1,"crawled since 9/27 but its rows are still stale: a sync/shard question, re-crawling would not fix it","crawled: 346 URLs (box2 2026-10-08)"
6367,"Sloane Toyota of Philadelphia",PA,toyota,1,"crawled since 9/27 but its rows are still stale: a sync/shard question, re-crawling would not fix it","crawled: 666 URLs (box2 2026-10-08)"
8110,"Matt Mazzei Chevrolet",CA,chevrolet,1,"skipped, blocked or aborted in its job's log since 9/27: re-running repeats the failure","started (box4 2026-10-08)"
8579,"Leo Chevrolet",IN,chevrolet,1,"crawled since 9/27 but its rows are still stale: a sync/shard question, re-crawling would not fix it","crawled: 1000 URLs (box3 2026-10-08)"
8596,"Hubler Chevrolet Center, INC.",IN,chevrolet,1,"crawled since 9/27 but its rows are still stale: a sync/shard question, re-crawling would not fix it","crawled: 1000 URLs (box3 2026-10-08)"
8981,"John Hiester Chevrolet of Lillington, LLC",NC,chevrolet,1,"crawled since 9/27 but its rows are still stale: a sync/shard question, re-crawling would not fix it","crawled: 794 URLs (box4 2026-10-08)"
9399,"Vance Chevrolet GMC of Woodward",OK,chevrolet,1,"crawled since 9/27 but its rows are still stale: a sync/shard question, re-crawling would not fix it","crawled: 468 URLs (box4 2026-10-08)"
9480,"Northstar Chevrolet West Liberty Avenue",PA,chevrolet,1,"crawled since 9/27 but its rows are still stale: a sync/shard question, re-crawling would not fix it","crawled: 554 URLs (box3 2026-10-08)"
10575,"CABLE DAHMER BUICK GMC OF KANSAS CITY",MO,buick,1,"crawled since 9/27 but its rows are still stale: a sync/shard question, re-crawling would not fix it","crawled: 1000 URLs (box4 2026-10-08)"
11253,"Mercedes-Benz of Delray",FL,mercedes-benz,1,"crawled since 9/27 but its rows are still stale: a sync/shard question, re-crawling would not fix it","crawled: 8408 URLs (box4 2026-10-09)"
12284,"Gossett Hyundai",TN,hyundai,1,"crawled since 9/27 but its rows are still stale: a sync/shard question, re-crawling would not fix it","crawled: 992 URLs (box2 2026-10-08)"
13943,"HUNTINGTON BEACH MAZDA",CA,mazda,1,"crawled since 9/27 but its rows are still stale: a sync/shard question, re-crawling would not fix it","crawled: 624 URLs (box2 2026-10-08)"
14127,"FITZGERALD MAZDA",MD,mazda,1,"crawled since 9/27 but its rows are still stale: a sync/shard question, re-crawling would not fix it","crawled: 1448 URLs (box2 2026-10-08)"
14380,"ROGER BEASLEY MAZDA CENTRAL",TX,mazda,1,"crawled since 9/27 but its rows are still stale: a sync/shard question, re-crawling would not fix it","crawled: 2887 URLs (box2 2026-10-08)"
14601,"Lovering Volvo Cars Concord",NH,volvo,1,"crawled since 9/27 but its rows are still stale: a sync/shard question, re-crawling would not fix it","started (box3 2026-10-09)"
16080,"Long-Lewis Lincoln of the Shoals",AL,lincoln,1,"skipped, blocked or aborted in its job's log since 9/27: re-running repeats the failure","started (box3 2026-10-08)"
17262,"DREAM NISSAN",KS,nissan,1,"crawled since 9/27 but its rows are still stale: a sync/shard question, re-crawling would not fix it","crawled: 457 URLs (box1 2026-10-08)"
18001,"NALLEY INFINITI OF ATLANTA",GA,infiniti,1,"crawled since 9/27 but its rows are still stale: a sync/shard question, re-crawling would not fix it","crawled: 1117 URLs (box2 2026-10-08)"
18143,"DAVIDSON AUTOMOTIVE GROUP – Rome",NY,gmc,1,"crawled since 9/27 but its rows are still stale: a sync/shard question, re-crawling would not fix it","crawled: 541 URLs (box4 2026-10-08)"
