category,name,city,state,brands,website,source,fetch_http,fetch_result,platform,parser,est_cars,est_basis
Brand roster gap: Toyota,Platinum Toyota of Texoma,Denison,TX,Toyota,https://www.platinumtoyota.com,roster archive diff (domain + exact name),200,pass,Team Velocity,generic only (strategy 2/3),248,median of 183 crawled Toyota stores
Brand roster gap: Toyota,Bruner Toyota,Early,TX,Toyota,https://www.brunertoyota.com,roster archive diff (domain + exact name),200,pass,DealerOn,existing (schema.org strategy 2),248,median of 183 crawled Toyota stores
Brand roster gap: Toyota,Toyota of Del Rio,Del Rio,TX,Toyota,https://www.toyotaofdelrio.com,roster archive diff (domain + exact name),200,pass,Team Velocity,generic only (strategy 2/3),248,median of 183 crawled Toyota stores
Brand roster gap: Toyota,Toyota Certified at Central City,Philadelphia,PA,Toyota,https://www.centralcitytoyota.com,roster archive diff (domain + exact name),200,pass,DealerOn,existing (schema.org strategy 2),248,median of 183 crawled Toyota stores
Brand roster gap: Toyota,Sunny King Toyota,Anniston,AL,Toyota,https://www.sunnykingtoyota.com,roster archive diff (domain + exact name),200,pass,DealerOn,existing (schema.org strategy 2),248,median of 183 crawled Toyota stores
Brand roster gap: Toyota,Toyota of Dothan,Dothan,AL,Toyota,https://www.toyotaofdothan.com,roster archive diff (domain + exact name),200,pass,DealerOn,existing (schema.org strategy 2),248,median of 183 crawled Toyota stores
Brand roster gap: Toyota,"Phil Wright Toyota, Co.",Russellville,AR,Toyota,https://www.philwrighttoyota.com,roster archive diff (domain + exact name),200,pass,Dealer.com,existing (Dealer.com strategy 1),248,median of 183 crawled Toyota stores
Brand roster gap: Toyota,Findlay Toyota Prescott,Prescott,AZ,Toyota,https://www.findlaytoyotaprescott.com,roster archive diff (domain + exact name),200,pass,DealerOn,existing (schema.org strategy 2),248,median of 183 crawled Toyota stores
Brand roster gap: Genesis,GENESIS OF CHERRY HILL,MARLTON,NJ,Genesis,https://www.genesisofcherryhill.com,roster archive diff (domain + exact name),200,pass,Dealer.com,existing (Dealer.com strategy 1),50,ASSUMPTION (no crawled Genesis store to measure)
Brand roster gap: Genesis,GENESIS OF BROOKLYN,BROOKLYN,NY,Genesis,https://www.genesisofbrooklyn.com,roster archive diff (domain + exact name),200,pass,DealerOn,existing (schema.org strategy 2),50,ASSUMPTION (no crawled Genesis store to measure)
Brand roster gap: Genesis,GENESIS OF BUFFALO,WILLIAMSVILLE,NY,Genesis,https://genesisofbuffalo.com,roster archive diff (domain + exact name),200,pass,Dealer.com,existing (Dealer.com strategy 1),50,ASSUMPTION (no crawled Genesis store to measure)
Brand roster gap: Genesis,GENESIS OF SMITHTOWN,ST JAMES,NY,Genesis,https://www.genesisofsmithtown.com,roster archive diff (domain + exact name),200,pass,DealerOn,existing (schema.org strategy 2),50,ASSUMPTION (no crawled Genesis store to measure)
NJ/NY/PA independent,J & S Autohaus III,Hamilton,NJ,Used,https://www.jsautohaus.com/,web search (CarEdge 301 cars),200,pass,Dealer.com,existing (Dealer.com strategy 1),512,"both J&S stores share jsautohaus.com: 301 + 211 (third-party counts, unverified)"
Brand roster gap: Toyota,Chuck Patterson Toyota Dodge,Chico,CA,Toyota,https://www.chuckpattersontoyota.net,roster archive diff (domain + exact name),200,pass,DealerOn,existing (schema.org strategy 2),248,median of 183 crawled Toyota stores
Brand roster gap: Toyota,Mid-City Toyota,Eureka,CA,Toyota,https://www.mid-citytoyota.com,roster archive diff (domain + exact name),200,pass,DealerOn,existing (schema.org strategy 2),248,median of 183 crawled Toyota stores
Brand roster gap: Toyota,Bev Smith Toyota,Ft. Pierce,FL,Toyota,https://www.bevsmithtoyota.com,roster archive diff (domain + exact name),200,pass,DealerOn,existing (schema.org strategy 2),248,median of 183 crawled Toyota stores
Brand roster gap: Toyota,Gettel Toyota Ocala,Ocala,FL,Toyota,https://www.getteltoyotaocala.com,roster archive diff (domain + exact name),200,pass,DealerOn,existing (schema.org strategy 2),248,median of 183 crawled Toyota stores
Brand roster gap: Toyota,Marianna Toyota,Marianna,FL,Toyota,https://www.mariannatoyota.com,roster archive diff (domain + exact name),200,pass,DealerOn,existing (schema.org strategy 2),248,median of 183 crawled Toyota stores
Brand roster gap: Toyota,Panama City Toyota,Panama City,FL,Toyota,https://www.panamacitytoyota.com,roster archive diff (domain + exact name),200,pass,DealerOn,existing (schema.org strategy 2),248,median of 183 crawled Toyota stores
Brand roster gap: Toyota,Toyota of Vero Beach,Vero Beach,FL,Toyota,https://www.verobeachtoyota.com,roster archive diff (domain + exact name),200,pass,DealerOn,existing (schema.org strategy 2),248,median of 183 crawled Toyota stores
