group,store,website,state,brands,dealer_ids,crawled,in_stock_active,new_active,platform_final,platform_source,nightly_gate,waf_vendor,plain_fetch,fetch_http
"Asbury (incl. Koons, Coggin, Nalley, McDavid)",Coggin Acura,https://cogginacura.com,FL,Acura,coggin-acura,yes,,,undetected (blocked/unreachable),none,NONE,,AKAMAI(403),403
"Asbury (incl. Koons, Coggin, Nalley, McDavid)",Coggin Bmw Treasure Coast,https://cogginbmw.com,FL,BMW,bmw-coggin-bmw-treasure-coast,yes,,,undetected (blocked/unreachable),none,NONE,,AKAMAI(403),403
"Asbury (incl. Koons, Coggin, Nalley, McDavid)",Coggin Buick-Gmc Of Orange Park,https://cogginbuickgmc.com,FL,Buick/GMC,buick-coggin-buick-gmc-of-orange-park;gmc-coggin-buick-gmc-of-orange-park,yes,,,undetected (blocked/unreachable),none,NONE,,AKAMAI(403),403
"Asbury (incl. Koons, Coggin, Nalley, McDavid)",Coggin Chevrolet At The Avenues,https://cogginchevrolet.com,FL,Chevrolet,chevrolet-coggin-chevrolet-at-the-avenues,yes,,,undetected (blocked/unreachable),none,NONE,,AKAMAI(403),403
"Asbury (incl. Koons, Coggin, Nalley, McDavid)",Coggin Deland Ford,https://delandfordinc.com,FL,Ford,ford-coggin-deland-ford,yes,,,undetected (blocked/unreachable),none,NONE,,unreachable,0
"Asbury (incl. Koons, Coggin, Nalley, McDavid)",Coggin Deland Honda,https://cogginhondadeland.com,FL,Honda,honda-coggin-deland-honda,yes,,,undetected (blocked/unreachable),none,NONE,,AKAMAI(403),403
"Asbury (incl. Koons, Coggin, Nalley, McDavid)",Coggin Deland Hyundai,https://coggindelandhyundai.com,FL,Hyundai,hyundai-coggin-deland-hyundai,yes,,,undetected (blocked/unreachable),none,not in box1/3/4 reports,,AKAMAI(403),403
"Asbury (incl. Koons, Coggin, Nalley, McDavid)",Coggin Ford,https://cogginfordofjacksonville.com,FL,Ford,ford-coggin-ford,yes,,,undetected (blocked/unreachable),none,NONE,,unreachable,0
"Asbury (incl. Koons, Coggin, Nalley, McDavid)",Coggin Honda,https://cogginhondajacksonville.com,FL,Honda,honda-coggin-honda,yes,,,undetected (blocked/unreachable),none,NONE,,AKAMAI(403),403
"Asbury (incl. Koons, Coggin, Nalley, McDavid)",Coggin Honda Of Ft. Pierce,https://cogginhondaftpierce.com,FL,Honda,honda-coggin-honda-of-ft-pierce,yes,,,undetected (blocked/unreachable),none,NONE,,AKAMAI(403),403
"Asbury (incl. Koons, Coggin, Nalley, McDavid)",Coggin Honda Of Orlando,https://cogginhondaorlando.com,FL,Honda,honda-coggin-honda-of-orlando,yes,,,undetected (blocked/unreachable),none,NONE,,AKAMAI(403),403
"Asbury (incl. Koons, Coggin, Nalley, McDavid)",Coggin Honda Of St. Augustine,https://cogginhondastaugustine.com,FL,Honda,honda-coggin-honda-of-st-augustine,yes,,,undetected (blocked/unreachable),none,NONE,,AKAMAI(403),403
"Asbury (incl. Koons, Coggin, Nalley, McDavid)",Coggin Nissan,https://cogginnissanatlantic.com,FL,Nissan,nissan-coggin-nissan,yes,,,undetected (blocked/unreachable),none,NONE,,AKAMAI(403),403
"Asbury (incl. Koons, Coggin, Nalley, McDavid)",Coggin Nissan At The Avenues,https://nissanattheavenues.com,FL,Nissan,nissan-coggin-nissan-at-the-avenues,yes,,,undetected (blocked/unreachable),none,NONE,,AKAMAI(403),403
"Asbury (incl. Koons, Coggin, Nalley, McDavid)",Coggin Toyota At The Avenues,https://coggintoyota.com,FL,Toyota,toyota-coggin-toyota-at-the-avenues,yes,,,undetected (blocked/unreachable),none,NONE,,AKAMAI(403),403
"Asbury (incl. Koons, Coggin, Nalley, McDavid)",Nalley Acura,https://nalleyacura.com,GA,Acura,nalley-acura,yes,,,undetected (blocked/unreachable),none,not in box1/3/4 reports,,AKAMAI(403),403
"Asbury (incl. Koons, Coggin, Nalley, McDavid)",Nalley Bmw Of Decatur,https://nalleybmw.com,GA,BMW,bmw-nalley-bmw-of-decatur,yes,,,undetected (blocked/unreachable),none,not in box1/3/4 reports,,AKAMAI(403),403
"Asbury (incl. Koons, Coggin, Nalley, McDavid)",Nalley Gmc,https://nalleybuickgmc.com,GA,GMC,gmc-nalley-gmc,yes,,,undetected (blocked/unreachable),none,CLOUDFLARE,Cloudflare,CLOUDFLARE(403),403
"Asbury (incl. Koons, Coggin, Nalley, McDavid)",Nalley Honda,https://nalleyhonda.com,GA,Honda,honda-nalley-honda,yes,,,undetected (blocked/unreachable),none,not in box1/3/4 reports,,AKAMAI(403),403
"Asbury (incl. Koons, Coggin, Nalley, McDavid)","Nalley Honda (Brunswick, Ga)",https://nalley-honda.com,GA,Honda,honda-nalley-honda-brunswick-ga,yes,,,undetected (blocked/unreachable),none,not in box1/3/4 reports,,CLOUDFLARE(403),403
"Asbury (incl. Koons, Coggin, Nalley, McDavid)",Nalley Hyundai,https://nalleyhyundai.com,GA,Hyundai,hyundai-nalley-hyundai,yes,,,undetected (blocked/unreachable),none,not in box1/3/4 reports,,AKAMAI(403),403
"Asbury (incl. Koons, Coggin, Nalley, McDavid)",Nalley Infiniti Of Atlanta,https://nalleyinfinitiatlanta.com,GA,Infiniti,infiniti-nalley-infiniti-of-atlanta,yes,,,Team Velocity,homepage html,not in box1/3/4 reports,,pass,200
"Asbury (incl. Koons, Coggin, Nalley, McDavid)",Nalley Infiniti-Marietta,https://nalleyinfinitimarietta.com,GA,Infiniti,infiniti-nalley-infiniti-marietta,yes,,,Team Velocity,homepage html,not in box1/3/4 reports,,pass,200
"Asbury (incl. Koons, Coggin, Nalley, McDavid)",Nalley Lexus - Roswell,https://nalleylexusroswell.com,GA,Lexus,lexus-nalley-lexus-roswell,yes,,,undetected (blocked/unreachable),none,not in box1/3/4 reports,,AKAMAI(403),403
"Asbury (incl. Koons, Coggin, Nalley, McDavid)",Nalley Lexus-Smyrna,https://nalleylexussmyrna.com,GA,Lexus,lexus-nalley-lexus-smyrna,yes,,,undetected (blocked/unreachable),none,not in box1/3/4 reports,,AKAMAI(403),403
"Asbury (incl. Koons, Coggin, Nalley, McDavid)",Nalley Toyota Of Roswell,https://toyotaofroswell.com,GA,Toyota,toyota-nalley-toyota-of-roswell,yes,,,undetected (blocked/unreachable),none,not in box1/3/4 reports,,AKAMAI(403),403
"Asbury (incl. Koons, Coggin, Nalley, McDavid)",Nalley Toyota Stonecrest,https://stonecresttoyota.com,GA,Toyota,toyota-nalley-toyota-stonecrest,yes,,,undetected (blocked/unreachable),none,not in box1/3/4 reports,,AKAMAI(403),403
"Asbury (incl. Koons, Coggin, Nalley, McDavid)",Nalley Toyota Union City,https://toyotaofunioncity.com,GA,Toyota,toyota-nalley-toyota-union-city,yes,,,undetected (blocked/unreachable),none,not in box1/3/4 reports,,unreachable,0
"Asbury (incl. Koons, Coggin, Nalley, McDavid)",Nalley Volkswagen Of Alpharetta,https://nalleyvw.com,GA,Volkswagen,volkswagen-nalley-volkswagen-of-alpharetta,yes,,,undetected (blocked/unreachable),none,not in box1/3/4 reports,,AKAMAI(403),403
"Asbury (incl. Koons, Coggin, Nalley, McDavid)",Koons Chevrolet Gmc Clarksville,https://koonsclarksvillegmc.com,MD,GMC,gmc-koons-chevrolet-gmc-clarksville,yes,,,undetected (blocked/unreachable),none,not in box1/3/4 reports,,AKAMAI(403),403
"Asbury (incl. Koons, Coggin, Nalley, McDavid)",Koons Chevrolet Gmc Clarksville,https://koonsclarksvillechevy.com,MD,Chevrolet,chevrolet-koons-chevrolet-gmc-clarksville,yes,,,DealerOn,homepage html,not in box1/3/4 reports,,pass,200
"Asbury (incl. Koons, Coggin, Nalley, McDavid)",Koons Chevrolet White Marsh,https://koonswhitemarshchevy.com,MD,Chevrolet,chevrolet-koons-chevrolet-white-marsh,yes,,,DealerOn,homepage html,not in box1/3/4 reports,,pass,200
"Asbury (incl. Koons, Coggin, Nalley, McDavid)",Koons Ford Baltimore,https://koonsfordofbaltimore.com,MD,Ford,ford-koons-ford-baltimore,yes,,,DealerOn,homepage html,not in box1/3/4 reports,,pass,200
"Asbury (incl. Koons, Coggin, Nalley, McDavid)",Koons Ford Of Annapolis,https://koonsford.com,MD,Ford,ford-koons-ford-of-annapolis,yes,,,undetected (blocked/unreachable),none,not in box1/3/4 reports,,unreachable,0
"Asbury (incl. Koons, Coggin, Nalley, McDavid)",Koons Lincoln Of Annapolis,https://lincolnofannapolis.com,MD,Lincoln,lincoln-koons-lincoln-of-annapolis,yes,,,undetected (blocked/unreachable),none,not in box1/3/4 reports,,AKAMAI(403),403
"Asbury (incl. Koons, Coggin, Nalley, McDavid)",Koons Lincoln Of Bethesda – Silver Spring,https://koonssilverspringlincoln.com,MD,Lincoln,lincoln-koons-lincoln-of-bethesda-silver-spring,yes,,,undetected (blocked/unreachable),none,not in box1/3/4 reports,,AKAMAI(403),403
"Asbury (incl. Koons, Coggin, Nalley, McDavid)",Koons Mazda,https://koonsmazda.com,MD,Mazda,mazda-koons-mazda,yes,,,undetected (blocked/unreachable),none,not in box1/3/4 reports,,AKAMAI(403),403
"Asbury (incl. Koons, Coggin, Nalley, McDavid)",Koons Silver Spring Ford,https://koonsfordofsilverspring.net,MD,Ford,ford-koons-silver-spring-ford,yes,,,undetected (blocked/unreachable),none,not in box1/3/4 reports,,AKAMAI(403),403
"Asbury (incl. Koons, Coggin, Nalley, McDavid)",Koons Toyota Annapolis,https://koonstoyotaannapolis.com,MD,Toyota,toyota-koons-toyota-annapolis,yes,,,DealerOn,homepage html,not in box1/3/4 reports,,pass,200
"Asbury (incl. Koons, Coggin, Nalley, McDavid)",Koons Toyota Westminster,https://koonstoyotawestminster.com,MD,Toyota,toyota-koons-toyota-westminster,yes,,,DealerOn,homepage html,not in box1/3/4 reports,,pass,200
"Asbury (incl. Koons, Coggin, Nalley, McDavid)",Koons Volvo Cars White Marsh,https://koonsvolvocarswhitemarsh.com,MD,Volvo,volvo-koons-volvo-cars-white-marsh,yes,,,undetected (blocked/unreachable),none,not in box1/3/4 reports,,AKAMAI(403),403
"Asbury (incl. Koons, Coggin, Nalley, McDavid)",David Mcdavid Ford Ft. Worth,https://davidmcdavidfordsales.com,TX,Ford,ford-david-mcdavid-ford-ft-worth,yes,,,undetected (blocked/unreachable),none,NONE,,unreachable,0
"Asbury (incl. Koons, Coggin, Nalley, McDavid)",David Mcdavid Honda Of Frisco,https://mcdavidhondafrisco.com,TX,Honda,honda-david-mcdavid-honda-of-frisco,yes,,,undetected (blocked/unreachable),none,not in box1/3/4 reports,,AKAMAI(403),403
"Asbury (incl. Koons, Coggin, Nalley, McDavid)",David Mcdavid Honda Of Irving,https://mcdavidhondairving.com,TX,Honda,honda-david-mcdavid-honda-of-irving,yes,,,undetected (blocked/unreachable),none,not in box1/3/4 reports,,AKAMAI(403),403
"Asbury (incl. Koons, Coggin, Nalley, McDavid)",David Mcdavid Lincoln Frisco,https://mcdavidlincolnfrisco.net,TX,Lincoln,lincoln-david-mcdavid-lincoln-frisco,yes,,,undetected (blocked/unreachable),none,NONE,,unreachable,0
"Asbury (incl. Koons, Coggin, Nalley, McDavid)",Park Place Acura,https://davidmcdavidacuraplano.com,TX,Acura,park-place-acura,yes,,,undetected (blocked/unreachable),none,not in box1/3/4 reports,,unreachable,0
"Asbury (incl. Koons, Coggin, Nalley, McDavid)",Scoggin Dickey Chrysler Dodge Jeep Ram,https://scoggindickeycdjr.com,TX,Stellantis,stellantis-scoggin-dickey-chrysler-dodge-jeep-ram,yes,,,undetected (blocked/unreachable),none,NONE,,AKAMAI(403),403
"Asbury (incl. Koons, Coggin, Nalley, McDavid)","Scoggin-Dickey Chevrolet-Buick, Inc.",https://scoggindickeybuick.com,TX,Buick,buick-scoggin-dickey-chevrolet-buick-inc,yes,,,undetected (blocked/unreachable),none,NONE,,unreachable,0
"Asbury (incl. Koons, Coggin, Nalley, McDavid)","Scoggin-Dickey Chevrolet-Buick, Inc.",https://scoggindickey.com,TX,Chevrolet,chevrolet-scoggin-dickey-chevrolet-buick-inc,yes,,,undetected (blocked/unreachable),none,NONE,,pass,521
"Asbury (incl. Koons, Coggin, Nalley, McDavid)",Scoggin-Dickey Subaru,https://scoggindickeysubaru.com,TX,Subaru,subaru-scoggin-dickey-subaru,yes,,,undetected (blocked/unreachable),none,not in box1/3/4 reports,,AKAMAI(403),403
"Asbury (incl. Koons, Coggin, Nalley, McDavid)",Joyce Koons Buick Gmc,https://joycekoonsbuickgmc.com,VA,Buick/GMC,buick-joyce-koons-buick-gmc;gmc-joyce-koons-buick-gmc,yes,,,undetected (blocked/unreachable),none,NONE,,pass,200
"Asbury (incl. Koons, Coggin, Nalley, McDavid)",Joyce Koons Honda,https://joycekoonshonda.com,VA,Honda,honda-joyce-koons-honda,yes,,,undetected (blocked/unreachable),none,NONE,,pass,200
"Asbury (incl. Koons, Coggin, Nalley, McDavid)",Koons Buick Gmc Woodbridge,https://koonswoodbridgebuickgmc.com,VA,Buick/GMC,buick-koons-buick-gmc-woodbridge;gmc-koons-buick-gmc-woodbridge,yes,200,96,Dealer.com,vdp-url-shape (our shards),NONE,,AKAMAI(403),403
"Asbury (incl. Koons, Coggin, Nalley, McDavid)",Koons Chevrolet Gmc Tysons,https://koonsgmctysonscorner.com,VA,GMC,gmc-koons-chevrolet-gmc-tysons,yes,276,144,DealerOn,vdp-url-shape (our shards),NONE,,pass,200
"Asbury (incl. Koons, Coggin, Nalley, McDavid)",Koons Chevrolet Gmc Tysons,https://koonschevytysonscorner.com,VA,Chevrolet,chevrolet-koons-chevrolet-gmc-tysons,yes,0,0,DealerOn,vdp-url-shape (our shards),NONE,,pass,200
"Asbury (incl. Koons, Coggin, Nalley, McDavid)",Koons Chrysler Dodge Jeep Ram Tysons,https://koonsjeep.com,VA,Stellantis,stellantis-koons-chrysler-dodge-jeep-ram-tysons,yes,333,276,Dealer.com,vdp-url-shape (our shards),NONE,,AKAMAI(403),403
"Asbury (incl. Koons, Coggin, Nalley, McDavid)",Koons Ford Falls Church,https://koonsfordoffallschurch.com,VA,Ford,ford-koons-ford-falls-church,yes,,,DealerOn,homepage html,NONE,,pass,200
"Asbury (incl. Koons, Coggin, Nalley, McDavid)",Koons Ford Sterling,https://koonsfordsterling.net,VA,Ford,ford-koons-ford-sterling,yes,,,DealerOn,homepage html,NONE,,pass,200
"Asbury (incl. Koons, Coggin, Nalley, McDavid)",Koons Ford Woodbridge,https://koonswoodbridgeford.net,VA,Ford,ford-koons-ford-woodbridge,yes,,,DealerOn,homepage html,NONE,,pass,200
"Asbury (incl. Koons, Coggin, Nalley, McDavid)",Koons Hyundai Woodbridge,https://koonswoodbridgehyundai.com,VA,Hyundai,hyundai-koons-hyundai-woodbridge,yes,144,144,Dealer.com,vdp-url-shape (our shards),NONE,,AKAMAI(403),403
"Asbury (incl. Koons, Coggin, Nalley, McDavid)",Koons Toyota Arlington,https://koonstoyotaarlington.com,VA,Toyota,toyota-koons-toyota-arlington,yes,446,184,DealerOn,vdp-url-shape (our shards),NONE,,pass,200
"Asbury (incl. Koons, Coggin, Nalley, McDavid)",Koons Toyota Tysons,https://koonstoyotatysonscorner.com,VA,Toyota,toyota-koons-toyota-tysons,yes,1195,496,DealerOn,vdp-url-shape (our shards),NONE,,pass,200
"Asbury (incl. Koons, Coggin, Nalley, McDavid)",Coggins Honda Of Bennington,https://cogginshondaofbennington.com,VT,Honda,honda-coggins-honda-of-bennington,yes,,,Dealer.com,homepage html,not in box1/3/4 reports,,pass,200
"Asbury (incl. Koons, Coggin, Nalley, McDavid)",Coggins Toyota Of Bennington,https://cogginstoyotaofbennington.com,VT,Toyota,toyota-coggins-toyota-of-bennington,yes,,,Dealer.com,homepage html,not in box1/3/4 reports,,pass,200
AutoNation,Autonation Hyundai Tempe,https://autonationhyundaitempe.com,AZ,Hyundai,,yes,,,undetected (blocked/unreachable),none,not in box1/3/4 reports,,AKAMAI(403),403
AutoNation,Autonation Subaru Scottsdale,https://autonationsubaruscottsdale.com,AZ,Subaru,,yes,,,undetected (blocked/unreachable),none,not in box1/3/4 reports,,AKAMAI(403),403
AutoNation,Autonation Toyota Tempe,https://autonationtoyotatempe.com,AZ,Toyota,,yes,,,undetected (blocked/unreachable),none,not in box1/3/4 reports,,AKAMAI(403),403
AutoNation,Autonation Acura South Bay,https://autonationacurasouthbay.com,CA,Acura,,yes,,,undetected (blocked/unreachable),none,not in box1/3/4 reports,,AKAMAI(403),403
AutoNation,Autonation Acura Stevens Creek,https://autonationacurastevenscreek.com,CA,Acura,,yes,,,undetected (blocked/unreachable),none,not in box1/3/4 reports,,AKAMAI(403),403
AutoNation,Autonation Hyundai Carlsbad,https://autonationhyundaicarlsbad.com,CA,Hyundai,,yes,,,undetected (blocked/unreachable),none,not in box1/3/4 reports,,unreachable,0
AutoNation,Autonation Hyundai Valencia,https://autonationhyundaivalencia.com,CA,Hyundai,,yes,,,undetected (blocked/unreachable),none,not in box1/3/4 reports,,AKAMAI(403),403
AutoNation,Autonation Mazda Carlsbad,https://autonationmazdacarlsbad.com,CA,Mazda,,yes,,,undetected (blocked/unreachable),none,not in box1/3/4 reports,,unreachable,0
AutoNation,Autonation Subaru Carlsbad,https://autonationsubarucarlsbad.com,CA,Subaru,,yes,,,undetected (blocked/unreachable),none,not in box1/3/4 reports,,unreachable,0
AutoNation,Autonation Subaru Roseville,https://autonationsubaruroseville.com,CA,Subaru,,yes,,,undetected (blocked/unreachable),none,not in box1/3/4 reports,,AKAMAI(403),403
AutoNation,Autonation Toyota Buena Park,https://autonationtoyotabuenapark.com,CA,Toyota,,yes,,,undetected (blocked/unreachable),none,not in box1/3/4 reports,,AKAMAI(403),403
AutoNation,Autonation Toyota Cerritos,https://autonationtoyotacerritos.com,CA,Toyota,,yes,,,undetected (blocked/unreachable),none,not in box1/3/4 reports,,AKAMAI(403),403
AutoNation,Autonation Toyota Hayward,https://autonationtoyotahayward.com,CA,Toyota,,yes,,,undetected (blocked/unreachable),none,not in box1/3/4 reports,,AKAMAI(403),403
AutoNation,Autonation Toyota Irvine,https://autonationtoyotairvine.com,CA,Toyota,,yes,,,undetected (blocked/unreachable),none,not in box1/3/4 reports,,AKAMAI(403),403
AutoNation,Autonation Volkswagen Carlsbad,https://autonationvolkswagencarlsbad.com,CA,Volkswagen,,yes,,,undetected (blocked/unreachable),none,not in box1/3/4 reports,,unreachable,0
AutoNation,Autonation Acura Colorado Springs,https://autonationacuracoloradosprings.com,CO,Acura,,yes,,,undetected (blocked/unreachable),none,not in box1/3/4 reports,,AKAMAI(403),403
AutoNation,Autonation Mazda Arapahoe,https://autonationmazdaarapahoe.com,CO,Mazda,,yes,,,undetected (blocked/unreachable),none,not in box1/3/4 reports,,CLOUDFLARE(403),403
AutoNation,Autonation Subaru Arapahoe,https://autonationsubaruarapahoe.com,CO,Subaru,,yes,,,undetected (blocked/unreachable),none,not in box1/3/4 reports,,AKAMAI(403),403
AutoNation,Autonation Subaru West,https://autonationsubaruwest.com,CO,Subaru,,yes,,,undetected (blocked/unreachable),none,not in box1/3/4 reports,,AKAMAI(403),403
AutoNation,Autonation Toyota Arapahoe,https://autonationtoyotaarapahoe.com,CO,Toyota,,yes,,,undetected (blocked/unreachable),none,not in box1/3/4 reports,,AKAMAI(403),403
AutoNation,Autonation Acura North Orlando,https://autonationacuranorthorlando.com,FL,Acura,,yes,,,undetected (blocked/unreachable),none,not in box1/3/4 reports,,AKAMAI(403),403
AutoNation,Autonation Toyota Fort Myers,https://autonationtoyotafortmyers.com,FL,Toyota,,yes,,,undetected (blocked/unreachable),none,not in box1/3/4 reports,,AKAMAI(403),403
AutoNation,Autonation Toyota Pinellas Park,https://autonationtoyotapinellaspark.com,FL,Toyota,,yes,,,undetected (blocked/unreachable),none,not in box1/3/4 reports,,AKAMAI(403),403
AutoNation,Autonation Toyota Weston,https://autonationtoyotaweston.com,FL,Toyota,,yes,,,undetected (blocked/unreachable),none,not in box1/3/4 reports,,AKAMAI(403),403
AutoNation,Autonation Toyota Winter Park,https://autonationtoyotawinterpark.com,FL,Toyota,,yes,,,undetected (blocked/unreachable),none,not in box1/3/4 reports,,AKAMAI(403),403
AutoNation,Autonation Hyundai Columbus,https://autonationhyundaicolumbus.com,GA,Hyundai,,yes,,,undetected (blocked/unreachable),none,not in box1/3/4 reports,,AKAMAI(403),403
AutoNation,Autonation Hyundai Mall Of Georgia,https://autonationhyundaimallofgeorgia.com,GA,Hyundai,,yes,,,undetected (blocked/unreachable),none,not in box1/3/4 reports,,AKAMAI(403),403
AutoNation,Autonation Hyundai Savannah,https://autonationhyundaisavannah.com,GA,Hyundai,,yes,,,undetected (blocked/unreachable),none,not in box1/3/4 reports,,AKAMAI(403),403
AutoNation,Autonation Toyota Mall Of Georgia,https://autonationtoyotamallofgeorgia.com,GA,Toyota,,yes,,,undetected (blocked/unreachable),none,not in box1/3/4 reports,,AKAMAI(403),403
AutoNation,Autonation Toyota Newnan,https://autonationtoyotanewnan.com,GA,Toyota,,yes,,,undetected (blocked/unreachable),none,not in box1/3/4 reports,,CLOUDFLARE(403),403
AutoNation,Autonation Toyota Thornton Road,https://autonationtoyotathorntonroad.com,GA,Toyota,,yes,,,undetected (blocked/unreachable),none,not in box1/3/4 reports,,AKAMAI(403),403
AutoNation,Autonation Volkswagen Columbus,https://autonationvolkswagencolumbus.com,GA,Volkswagen,,yes,,,undetected (blocked/unreachable),none,not in box1/3/4 reports,,AKAMAI(403),403
AutoNation,Autonation Volkswagen Savannah,https://autonationvolkswagensavannah.com,GA,Volkswagen,,yes,,,undetected (blocked/unreachable),none,not in box1/3/4 reports,,AKAMAI(403),403
AutoNation,Autonation Vw Mall Of Georgia,https://autonationvwmallofgeorgia.com,GA,Volkswagen,,yes,,,undetected (blocked/unreachable),none,not in box1/3/4 reports,,AKAMAI(403),403
AutoNation,Autonation Hyundai Ohare,https://autonationhyundaiohare.com,IL,Hyundai,,yes,,,undetected (blocked/unreachable),none,not in box1/3/4 reports,,AKAMAI(403),403
AutoNation,Autonation Toyota Libertyville,https://autonationtoyotalibertyville.com,IL,Toyota,,yes,,,undetected (blocked/unreachable),none,not in box1/3/4 reports,,AKAMAI(403),403
AutoNation,Autonation Acura Hunt Valley,https://autonationacurahuntvalley.com,MD,Acura,,yes,,,undetected (blocked/unreachable),none,not in box1/3/4 reports,,unreachable,0
AutoNation,Autonation Subaru Hunt Valley,https://autonationsubaruhuntvalley.com,MD,Subaru,,yes,,,undetected (blocked/unreachable),none,not in box1/3/4 reports,,AKAMAI(403),403
AutoNation,Autonation Toyota White Marsh,https://autonationtoyotawhitemarsh.com,MD,Toyota,,yes,,,undetected (blocked/unreachable),none,not in box1/3/4 reports,,unreachable,0
AutoNation,Autonation Toyota Las Vegas,https://autonationtoyotalasvegas.com,NV,Toyota,,yes,,,undetected (blocked/unreachable),none,not in box1/3/4 reports,,AKAMAI(403),403
AutoNation,Autonation Volkswagen Las Vegas,https://autonationvolkswagenlasvegas.com,NV,Volkswagen,,yes,,,undetected (blocked/unreachable),none,not in box1/3/4 reports,,AKAMAI(403),403
AutoNation,Autonation Hyundai Columbia,https://autonationhyundaicolumbia.com,SC,Hyundai,,yes,,,undetected (blocked/unreachable),none,not in box1/3/4 reports,,AKAMAI(403),403
AutoNation,Autonation Hyundai Hilton Head,https://autonationhyundaihiltonhead.com,SC,Hyundai,,yes,,,undetected (blocked/unreachable),none,not in box1/3/4 reports,,AKAMAI(403),403
AutoNation,Autonation Subaru Hilton Head,https://autonationsubaruhiltonhead.com,SC,Subaru,,yes,,,undetected (blocked/unreachable),none,not in box1/3/4 reports,,AKAMAI(403),403
AutoNation,Autonation Volkswagen Hilton Head,https://autonationvolkswagenhiltonhead.com,SC,Volkswagen,,yes,,,undetected (blocked/unreachable),none,not in box1/3/4 reports,,AKAMAI(403),403
AutoNation,Autonation Acura Gulf Freeway,https://autonationacuragulffreeway.com,TX,Acura,,yes,,,undetected (blocked/unreachable),none,not in box1/3/4 reports,,AKAMAI(403),403
AutoNation,Autonation Hyundai Corpus Christi,https://autonationhyundaicorpuschristi.com,TX,Hyundai,,yes,,,undetected (blocked/unreachable),none,not in box1/3/4 reports,,AKAMAI(403),403
AutoNation,Autonation Hyundai N Richland Hills,https://autonationhyundainorthrichlandhills.com,TX,Hyundai,,yes,,,undetected (blocked/unreachable),none,not in box1/3/4 reports,,AKAMAI(403),403
AutoNation,Autonation Toyota Corpus Christi,https://autonationtoyotacorpuschristi.com,TX,Toyota,,yes,,,undetected (blocked/unreachable),none,not in box1/3/4 reports,,AKAMAI(403),403
AutoNation,Autonation Toyota Gulf Freeway,https://autonationtoyotagulffreeway.com,TX,Toyota,,yes,,,undetected (blocked/unreachable),none,not in box1/3/4 reports,,AKAMAI(403),403
AutoNation,Autonation Toyota South Austin,https://autonationtoyotasouthaustin.com,TX,Toyota,,yes,,,undetected (blocked/unreachable),none,not in box1/3/4 reports,,AKAMAI(403),403
AutoNation,Autonation Toyota Leesburg,https://autonationtoyotaleesburg.com,VA,Toyota,,yes,,,undetected (blocked/unreachable),none,not in box1/3/4 reports,,AKAMAI(403),403
AutoNation,Autonation Acura Spokane Valley,https://autonationacuraspokanevalley.com,WA,Acura,,yes,,,undetected (blocked/unreachable),none,not in box1/3/4 reports,,AKAMAI(403),403
AutoNation,Autonation Subaru Spokane Valley,https://autonationsubaruspokane.com,WA,Subaru,,yes,,,undetected (blocked/unreachable),none,not in box1/3/4 reports,,AKAMAI(403),403
AutoNation,Autonation Toyota Spokane Valley,https://autonationtoyotaspokanevalley.com,WA,Toyota,,yes,,,undetected (blocked/unreachable),none,not in box1/3/4 reports,,AKAMAI(403),403
AutoNation,Autonation Volkswagen Spokane,https://autonationvolkswagenspokane.com,WA,Volkswagen,,yes,,,undetected (blocked/unreachable),none,not in box1/3/4 reports,,AKAMAI(403),403
Group 1,Group 1 Chevrolet Estero Bay,https://esterobaychevrolet.com,FL,Chevrolet,chevrolet-group-1-chevrolet-estero-bay,yes,,,undetected (blocked/unreachable),none,CLOUDFLARE,Cloudflare,CLOUDFLARE(403),403
Group 1,Group 1 Ford Of Pensacola,https://eworldfordpcola.com,FL,Ford,ford-group-1-ford-of-pensacola,yes,,,undetected (blocked/unreachable),none,CLOUDFLARE,Cloudflare,CLOUDFLARE(403),403
Group 1,Group 1 Honda Panama City,https://group1hondapanamacity.com,FL,Honda,honda-group-1-honda-panama-city,yes,,,undetected (blocked/unreachable),none,CLOUDFLARE,Cloudflare,CLOUDFLARE(403),403
Group 1,Group 1 Volkswagen Of Panama City,https://group1volkswagenofpanamacity.com,FL,Volkswagen,volkswagen-group-1-volkswagen-of-panama-city,yes,,,undetected (blocked/unreachable),none,CLOUDFLARE,Cloudflare,CLOUDFLARE(403),403
Group 1,Group 1 Ford Of Kennesaw,https://jimtidwellford.com,GA,Ford,ford-group-1-ford-of-kennesaw,yes,,,undetected (blocked/unreachable),none,CLOUDFLARE,Cloudflare,unreachable,0
Group 1,Group 1 Ford Of Rivertown,https://rivertownford.net,GA,Ford,ford-group-1-ford-of-rivertown,yes,,,undetected (blocked/unreachable),none,CLOUDFLARE,Cloudflare,CLOUDFLARE(403),403
Group 1,Group 1 Gmc Rivertown,https://group1gmcrivertown.com,GA,GMC,gmc-group-1-gmc-rivertown,yes,,,undetected (blocked/unreachable),none,CLOUDFLARE,Cloudflare,CLOUDFLARE(403),403
Group 1,Group 1 Honda Stone Mountain,https://group1hondastonemountain.com,GA,Honda,honda-group-1-honda-stone-mountain,yes,,,undetected (blocked/unreachable),none,not in box1/3/4 reports,,CLOUDFLARE(403),403
Group 1,Group 1 Subaru Rivertown,https://group1subarurivertown.com,GA,Subaru,subaru-group-1-subaru-rivertown,yes,,,undetected (blocked/unreachable),none,not in box1/3/4 reports,,CLOUDFLARE(403),403
Group 1,Group 1 Toyota Rivertown,https://group1toyotarivertown.com,GA,Toyota,toyota-group-1-toyota-rivertown,yes,,,undetected (blocked/unreachable),none,not in box1/3/4 reports,,CLOUDFLARE(403),403
Group 1,Group 1 Toyota Stone Mountain,https://group1toyotastonemountain.com,GA,Toyota,toyota-group-1-toyota-stone-mountain,yes,,,undetected (blocked/unreachable),none,not in box1/3/4 reports,,CLOUDFLARE(403),403
Group 1,Group 1 Ford Of Shreveport,https://group1fordofshreveport.net,LA,Ford,ford-group-1-ford-of-shreveport,yes,,,undetected (blocked/unreachable),none,CLOUDFLARE,Cloudflare,CLOUDFLARE(403),403
Group 1,Group 1 Honda Slidell,https://hondaofslidell.com,LA,Honda,honda-group-1-honda-slidell,yes,,,undetected (blocked/unreachable),none,CLOUDFLARE,Cloudflare,CLOUDFLARE(403),403
Group 1,Group 1 Lincoln Of Shreveport,https://group1lincolnshreveport.net,LA,Lincoln,lincoln-group-1-lincoln-of-shreveport,yes,,,undetected (blocked/unreachable),none,NONE,,unreachable,0
Group 1,Group 1 Toyota West Bank,https://group1toyotawestbank.com,LA,Toyota,toyota-group-1-toyota-west-bank,yes,,,undetected (blocked/unreachable),none,CLOUDFLARE,Cloudflare,CLOUDFLARE(403),403
Group 1,Group 1 Honda Greenbelt,https://group1hondagreenbelt.com,MD,Honda,honda-group-1-honda-greenbelt,yes,,,undetected (blocked/unreachable),none,not in box1/3/4 reports,,CLOUDFLARE(403),403
Group 1,Group 1 Honda Owings Mills,https://group1hondaowingsmills.com,MD,Honda,honda-group-1-honda-owings-mills,yes,,,undetected (blocked/unreachable),none,not in box1/3/4 reports,,CLOUDFLARE(403),403
Group 1,Group 1 Hyundai College Park,https://collegeparkhyundai.com,MD,Hyundai,hyundai-group-1-hyundai-college-park,yes,,,undetected (blocked/unreachable),none,not in box1/3/4 reports,,CLOUDFLARE(403),403
Group 1,Group 1 Toyota Bowie,https://group1toyotabowie.com,MD,Toyota,toyota-group-1-toyota-bowie,yes,,,undetected (blocked/unreachable),none,not in box1/3/4 reports,,CLOUDFLARE(403),403
Group 1,Group 1 Ford Of Saco,https://irafordsaco.net,ME,Ford,ford-group-1-ford-of-saco,yes,,,undetected (blocked/unreachable),none,not in box1/3/4 reports,,CLOUDFLARE(403),403
Group 1,Group 1 Honda Saco,https://group1hondasaco.com,ME,Honda,honda-group-1-honda-saco,yes,,,undetected (blocked/unreachable),none,not in box1/3/4 reports,,CLOUDFLARE(403),403
Group 1,Group 1 Toyota Saco,https://group1toyotasaco.com,ME,Toyota,toyota-group-1-toyota-saco,yes,,,undetected (blocked/unreachable),none,not in box1/3/4 reports,,CLOUDFLARE(403),403
Group 1,Group 1 Honda Gulfport,https://patpeckhonda.com,MS,Honda,honda-group-1-honda-gulfport,yes,,,undetected (blocked/unreachable),none,CLOUDFLARE,Cloudflare,CLOUDFLARE(403),403
Group 1,Group 1 Toyota Albuquerque,https://group1toyotaalbuquerque.com,NM,Toyota,toyota-group-1-toyota-albuquerque,yes,,,undetected (blocked/unreachable),none,not in box1/3/4 reports,,CLOUDFLARE(403),403
Group 1,Group 1 Gmc Rockville Centre,https://group1gmcrockvillecentre.com,NY,GMC,gmc-group-1-gmc-rockville-centre,yes,,,undetected (blocked/unreachable),none,CLOUDFLARE,Cloudflare,CLOUDFLARE(403),403
Group 1,Group 1 Chevrolet South Pointe,https://southpointechevrolet.com,OK,Chevrolet,chevrolet-group-1-chevrolet-south-pointe,yes,,,undetected (blocked/unreachable),none,CLOUDFLARE,Cloudflare,CLOUDFLARE(403),403
Group 1,Group 1 Toyota Rock Hill,https://group1toyotarockhill.com,SC,Toyota,toyota-group-1-toyota-rock-hill,yes,,,undetected (blocked/unreachable),none,CLOUDFLARE,Cloudflare,CLOUDFLARE(403),403
Group 1,Group 1 Acura Southwest Houston,https://sterlingmccallacura.com,TX,Acura,group-1-acura-southwest-houston,yes,,,undetected (blocked/unreachable),none,not in box1/3/4 reports,,CLOUDFLARE(403),403
Group 1,Group 1 Acura Sugar Land,https://acurasugarland.com,TX,Acura,group-1-acura-sugar-land,yes,,,undetected (blocked/unreachable),none,not in box1/3/4 reports,,CLOUDFLARE(403),403
Group 1,Group 1 Buick Gmc North,https://group1buickgmcnorth.com,TX,GMC,gmc-group-1-buick-gmc-north,yes,,,undetected (blocked/unreachable),none,CLOUDFLARE,Cloudflare,unreachable,0
Group 1,Group 1 Buick Gmc North,https://beckmastennorth.com,TX,Buick,buick-group-1-buick-gmc-north,yes,,,undetected (blocked/unreachable),none,CLOUDFLARE,Cloudflare,unreachable,0
Group 1,Group 1 Buick Gmc South,https://group1buickgmcsouth.com,TX,GMC,gmc-group-1-buick-gmc-south,yes,,,undetected (blocked/unreachable),none,CLOUDFLARE,Cloudflare,CLOUDFLARE(403),403
Group 1,Group 1 Buick Gmc South,https://beckmastensouth.com,TX,Buick,buick-group-1-buick-gmc-south,yes,,,undetected (blocked/unreachable),none,CLOUDFLARE,Cloudflare,unreachable,0
Group 1,Group 1 Chevrolet Hub City,https://group1chevrolethubcity.com,TX,Chevrolet,chevrolet-group-1-chevrolet-hub-city,yes,,,undetected (blocked/unreachable),none,CLOUDFLARE,Cloudflare,CLOUDFLARE(403),403
Group 1,Group 1 Chevrolet Northwest,https://group1chevroletnorthwest.com,TX,Chevrolet,chevrolet-group-1-chevrolet-northwest,yes,,,undetected (blocked/unreachable),none,CLOUDFLARE,Cloudflare,CLOUDFLARE(403),403
Group 1,Group 1 Chevrolet Spring,https://group1chevroletspring.com,TX,Chevrolet,chevrolet-group-1-chevrolet-spring,yes,,,undetected (blocked/unreachable),none,CLOUDFLARE,Cloudflare,CLOUDFLARE(403),403
Group 1,Group 1 Chrysler Dodge Jeep Ram Denton,https://group1cdjrdenton.com,TX,Stellantis,stellantis-group-1-chrysler-dodge-jeep-ram-denton,yes,,,undetected (blocked/unreachable),none,CLOUDFLARE,Cloudflare,CLOUDFLARE(403),403
Group 1,Group 1 Chrysler Dodge Jeep Ram Rockwall,https://group1cdjrrockwall.com,TX,Stellantis,stellantis-group-1-chrysler-dodge-jeep-ram-rockwall,yes,,,undetected (blocked/unreachable),none,CLOUDFLARE,Cloudflare,CLOUDFLARE(403),403
Group 1,Group 1 Ford Of Amarillo,https://group1fordofamarillo.net,TX,Ford,ford-group-1-ford-of-amarillo,yes,,,undetected (blocked/unreachable),none,CLOUDFLARE,Cloudflare,CLOUDFLARE(403),403
Group 1,Group 1 Ford Of El Paso,https://shamaleyford.net,TX,Ford,ford-group-1-ford-of-el-paso,yes,,,undetected (blocked/unreachable),none,CLOUDFLARE,Cloudflare,CLOUDFLARE(403),403
Group 1,Group 1 Ford Of Hub City,https://group1fordofhubcity.net,TX,Ford,ford-group-1-ford-of-hub-city,yes,,,undetected (blocked/unreachable),none,CLOUDFLARE,Cloudflare,CLOUDFLARE(403),403
Group 1,Group 1 Ford Of Rockwall,https://group1fordofrockwall.net,TX,Ford,ford-group-1-ford-of-rockwall,yes,,,undetected (blocked/unreachable),none,CLOUDFLARE,Cloudflare,CLOUDFLARE(403),403
Group 1,Group 1 Ford Of South Austin,https://group1fordofsouthaustin.net,TX,Ford,ford-group-1-ford-of-south-austin,yes,,,undetected (blocked/unreachable),none,CLOUDFLARE,Cloudflare,CLOUDFLARE(403),403
Group 1,Group 1 Ford Of Southwest Houston,https://sterlingmccallfordhouston.com,TX,Ford,ford-group-1-ford-of-southwest-houston,yes,,,undetected (blocked/unreachable),none,CLOUDFLARE,Cloudflare,CLOUDFLARE(403),403
Group 1,Group 1 Gmc Coastal Bend,https://group1gmccoastalbend.com,TX,GMC,gmc-group-1-gmc-coastal-bend,yes,,,undetected (blocked/unreachable),none,CLOUDFLARE,Cloudflare,unreachable,0
Group 1,Group 1 Gmc Southwest,https://sterlingmccallbuickgmc.com,TX,GMC,gmc-group-1-gmc-southwest,yes,,,undetected (blocked/unreachable),none,CLOUDFLARE,Cloudflare,unreachable,0
Group 1,Group 1 Gmc Westside,https://group1gmcwestside.com,TX,GMC,gmc-group-1-gmc-westside,yes,,,undetected (blocked/unreachable),none,CLOUDFLARE,Cloudflare,CLOUDFLARE(403),403
Group 1,Group 1 Honda Kingwood,https://group1hondakingwood.com,TX,Honda,honda-group-1-honda-kingwood,yes,,,undetected (blocked/unreachable),none,not in box1/3/4 reports,,CLOUDFLARE(403),403
Group 1,Group 1 Honda South San Antonio,https://group1hondasouthsanantonio.com,TX,Honda,honda-group-1-honda-south-san-antonio,yes,,,undetected (blocked/unreachable),none,not in box1/3/4 reports,,CLOUDFLARE(403),403
Group 1,Group 1 Hyundai Hub City,https://group1hyundaihubcity.com,TX,Hyundai,hyundai-group-1-hyundai-hub-city,yes,,,undetected (blocked/unreachable),none,not in box1/3/4 reports,,CLOUDFLARE(403),403
Group 1,Group 1 Hyundai North Austin,https://group1hyundainorthaustin.com,TX,Hyundai,hyundai-group-1-hyundai-north-austin,yes,,,undetected (blocked/unreachable),none,not in box1/3/4 reports,,CLOUDFLARE(403),403
Group 1,Group 1 Hyundai Southwest Houston,https://group1hyundaisouthwesthouston.com,TX,Hyundai,hyundai-group-1-hyundai-southwest-houston,yes,,,undetected (blocked/unreachable),none,not in box1/3/4 reports,,CLOUDFLARE(403),403
Group 1,Group 1 Kia South Austin,https://kiaofsouthaustin.com,TX,Kia,kia-group-1-kia-south-austin,yes,,,undetected (blocked/unreachable),none,not in box1/3/4 reports,,CLOUDFLARE(403),403
Group 1,Group 1 Lincoln Of Hub City,https://genemesserlincoln.net,TX,Lincoln,lincoln-group-1-lincoln-of-hub-city,yes,,,undetected (blocked/unreachable),none,NONE,,unreachable,0
Group 1,Group 1 Mazda Denton,https://dentonmazda.com,TX,Mazda,mazda-group-1-mazda-denton,yes,,,undetected (blocked/unreachable),none,not in box1/3/4 reports,,unreachable,0
Group 1,Group 1 Nissan Cedar Park,https://cedarparknissan.com,TX,Nissan,nissan-group-1-nissan-cedar-park,yes,,,undetected (blocked/unreachable),none,not in box1/3/4 reports,,CLOUDFLARE(403),403
Group 1,Group 1 Nissan Round Rock,https://roundrocknissan.com,TX,Nissan,nissan-group-1-nissan-round-rock,yes,,,undetected (blocked/unreachable),none,not in box1/3/4 reports,,CLOUDFLARE(403),403
Group 1,Group 1 Nissan Southwest Houston,https://sterlingmccallnissan.com,TX,Nissan,nissan-group-1-nissan-southwest-houston,yes,,,undetected (blocked/unreachable),none,not in box1/3/4 reports,,unreachable,0
Group 1,Group 1 Subaru El Paso,https://group1subaruelpaso.com,TX,Subaru,subaru-group-1-subaru-el-paso,yes,,,undetected (blocked/unreachable),none,not in box1/3/4 reports,,CLOUDFLARE(403),403
Group 1,Group 1 Toyota Fort Bend,https://group1toyotafortbend.com,TX,Toyota,toyota-group-1-toyota-fort-bend,yes,,,undetected (blocked/unreachable),none,not in box1/3/4 reports,,CLOUDFLARE(403),403
Group 1,Group 1 Toyota Hub City,https://group1toyotahubcity.com,TX,Toyota,toyota-group-1-toyota-hub-city,yes,,,undetected (blocked/unreachable),none,not in box1/3/4 reports,,CLOUDFLARE(403),403
Group 1,Group 1 Toyota North Austin,https://group1toyotanorthaustin.com,TX,Toyota,toyota-group-1-toyota-north-austin,yes,,,undetected (blocked/unreachable),none,not in box1/3/4 reports,,CLOUDFLARE(403),403
Group 1,Group 1 Volkswagen Alamo Heights,https://group1volkswagenalamoheights.com,TX,Volkswagen,volkswagen-group-1-volkswagen-alamo-heights,yes,,,undetected (blocked/unreachable),none,not in box1/3/4 reports,,CLOUDFLARE(403),403
Group 1,Group 1 Volkswagen Hub City,https://group1volkswagenhubcity.com,TX,Volkswagen,volkswagen-group-1-volkswagen-hub-city,yes,,,undetected (blocked/unreachable),none,not in box1/3/4 reports,,CLOUDFLARE(403),403
Hendrick,Hendrick Chevrolet,https://hendrickchevroletbirmingham.com,AL,Chevrolet,chevrolet-hendrick-chevrolet,yes,,,undetected (blocked/unreachable),none,CLOUDFLARE,Cloudflare,CLOUDFLARE(403),403
Hendrick,Hendrick Chrysler Dodge Jeep Ram,https://hendrickchryslerdodgejeepram.com,AL,Stellantis,stellantis-hendrick-chrysler-dodge-jeep-ram,yes,,,undetected (blocked/unreachable),none,CLOUDFLARE,Cloudflare,CLOUDFLARE(403),403
Hendrick,Hendrick Subaru,https://hendricksubaruhoover.com,AL,Subaru,subaru-hendrick-subaru,yes,,,undetected (blocked/unreachable),none,not in box1/3/4 reports,,CLOUDFLARE(403),403
Hendrick,Hendrick Honda Bradenton,https://hendrickhondabradenton.com,FL,Honda,honda-hendrick-honda-bradenton,yes,,,undetected (blocked/unreachable),none,NONE,,unreachable,0
Hendrick,Rick Hendrick Chevrolet Naples,https://rickhendrickchevynaples.com,FL,Chevrolet,chevrolet-rick-hendrick-chevrolet-naples,yes,,,undetected (blocked/unreachable),none,CLOUDFLARE,Cloudflare,CLOUDFLARE(403),403
Hendrick,Rick Hendrick Honda,https://rickhendrickhonda.com,FL,Honda,honda-rick-hendrick-honda,yes,,,undetected (blocked/unreachable),none,CLOUDFLARE,Cloudflare,CLOUDFLARE(403),403
Hendrick,Rick Hendrick Buick Gmc,https://rickhendrickbuickgmcatlanta.com,GA,Buick/GMC,buick-rick-hendrick-buick-gmc;gmc-rick-hendrick-buick-gmc,yes,,,undetected (blocked/unreachable),none,CLOUDFLARE,Cloudflare,CLOUDFLARE(403),403
Hendrick,Rick Hendrick Chevrolet,https://hendrickatlanta.com,GA,Chevrolet,chevrolet-rick-hendrick-chevrolet,yes,,,undetected (blocked/unreachable),none,CLOUDFLARE,Cloudflare,CLOUDFLARE(403),403
Hendrick,Rick Hendrick Chevrolet Of Buford,https://hendrickbuford.com,GA,Chevrolet,chevrolet-rick-hendrick-chevrolet-of-buford,yes,,,undetected (blocked/unreachable),none,CLOUDFLARE,Cloudflare,CLOUDFLARE(403),403
Hendrick,Rick Hendrick Chrysler Dodge Jeep Ram Duluth,https://hendrickcdjratlanta.com,GA,Stellantis,stellantis-rick-hendrick-chrysler-dodge-jeep-ram-duluth,yes,,,undetected (blocked/unreachable),none,CLOUDFLARE,Cloudflare,CLOUDFLARE(403),403
Hendrick,Rick Hendrick Toyota Sandy Springs,https://rickhendricktoyotasandysprings.com,GA,Toyota,toyota-rick-hendrick-toyota-sandy-springs,yes,,,undetected (blocked/unreachable),none,not in box1/3/4 reports,,CLOUDFLARE(403),403
Hendrick,Hendrick Chevrolet Shawnee Mission,https://chevyusa.com,KS,Chevrolet,chevrolet-hendrick-chevrolet-shawnee-mission,yes,,,undetected (blocked/unreachable),none,not in box1/3/4 reports,,CLOUDFLARE(403),403
Hendrick,Hendrick Lexus Kansas City,https://hendricklexuskansascity.com,KS,Lexus,lexus-hendrick-lexus-kansas-city,yes,281,220,Dealer.com,vdp-url-shape (our shards),NONE,,unreachable,0
Hendrick,Hendrick Toyota Merriam,https://hendricktoyotamerriam.com,KS,Toyota,toyota-hendrick-toyota-merriam,yes,,,undetected (blocked/unreachable),none,HTTP_403,DataDome,OTHER_WAF(403),403
Hendrick,Hendrick Lexus Kansas City North,https://hendricklexuskansascitynorth.com,MO,Lexus,lexus-hendrick-lexus-kansas-city-north,yes,,,undetected (blocked/unreachable),none,not in box1/3/4 reports,,unreachable,0
Hendrick,Barbour - Hendrick Honda Greenville,https://barbourhendrickhonda.com,NC,Honda,honda-barbour-hendrick-honda-greenville,yes,,,undetected (blocked/unreachable),none,not in box1/3/4 reports,,unreachable,0
Hendrick,Hendrick Acura,https://hendrickacura.com,NC,Acura,hendrick-acura,yes,8,0,Dealer.com,vdp-url-shape (our shards),not in box1/3/4 reports,,unreachable,0
Hendrick,Hendrick Acura Southpoint,https://acurasouthpoint.com,NC,Acura,hendrick-acura-southpoint,yes,,,undetected (blocked/unreachable),none,not in box1/3/4 reports,,unreachable,0
Hendrick,Hendrick Bmw Northlake,https://hendrickbmwnorthlake.com,NC,BMW,bmw-hendrick-bmw-northlake,yes,,,undetected (blocked/unreachable),none,not in box1/3/4 reports,,AKAMAI(403),403
Hendrick,Hendrick Buick Gmc Cadillac,https://hendrickbuickgmccary.com,NC,Buick/GMC,buick-hendrick-buick-gmc-cadillac;gmc-hendrick-buick-gmc-cadillac,yes,,,undetected (blocked/unreachable),none,CLOUDFLARE,Cloudflare,CLOUDFLARE(403),403
Hendrick,Hendrick Cadillac Southpoint,https://hendrickcadillacsouthpoint.com,NC,Cadillac,cadillac-hendrick-cadillac-southpoint,yes,,,undetected (blocked/unreachable),none,CLOUDFLARE,Cloudflare,CLOUDFLARE(403),403
Hendrick,Hendrick Cadillac – Cary,https://hendrickcadillaccary.com,NC,Cadillac,cadillac-hendrick-cadillac-cary,yes,,,undetected (blocked/unreachable),none,CLOUDFLARE,Cloudflare,CLOUDFLARE(403),403
Hendrick,Hendrick Cadillac – Monroe,https://hendrickcadillacmonroe.com,NC,Cadillac,cadillac-hendrick-cadillac-monroe,yes,,,undetected (blocked/unreachable),none,CLOUDFLARE,Cloudflare,CLOUDFLARE(403),403
Hendrick,Hendrick Chevrolet,https://hendrickchevrolet.com,NC,Chevrolet,chevrolet-hendrick-chevrolet,yes,,,undetected (blocked/unreachable),none,CLOUDFLARE,Cloudflare,CLOUDFLARE(403),403
Hendrick,Hendrick Chevrolet Buick Gmc Cadillac Southpoint,https://hendrickbuickgmcsouthpoint.com,NC,Buick/GMC,buick-hendrick-chevrolet-buick-gmc-cadillac-southpoint;gmc-hendrick-chevrolet-buick-gmc-cadillac-southpoint,yes,,,undetected (blocked/unreachable),none,CLOUDFLARE,Cloudflare,CLOUDFLARE(403),403
Hendrick,Hendrick Chevrolet Buick Gmc Cadillac Southpoint,https://hendrickgmsouthpoint.com,NC,Chevrolet,chevrolet-hendrick-chevrolet-buick-gmc-cadillac-southpoint,yes,,,undetected (blocked/unreachable),none,CLOUDFLARE,Cloudflare,CLOUDFLARE(403),403
Hendrick,Hendrick Chevrolet Cadillac,https://hendrickchevroletmonroe.com,NC,Chevrolet,chevrolet-hendrick-chevrolet-cadillac,yes,,,undetected (blocked/unreachable),none,CLOUDFLARE,Cloudflare,CLOUDFLARE(403),403
Hendrick,Hendrick Chrysler Dodge Jeep Ram Fiat Of Concord,https://hendrickchryslerdodgejeepramofconcord.com,NC,Stellantis,stellantis-hendrick-chrysler-dodge-jeep-ram-fiat-of-concord,yes,934,934,Dealer.com,vdp-url-shape (our shards),NONE,,unreachable,0
Hendrick,Hendrick Chrysler Dodge Jeep Ram Fiat Wilmington,https://hendrickjeepwilmington.com,NC,Stellantis,stellantis-hendrick-chrysler-dodge-jeep-ram-fiat-wilmington,yes,349,234,custom/unclassified,vdp-url-shape (our shards),HTTP_403,DataDome,OTHER_WAF(403),403
Hendrick,Hendrick Chrysler Jeep Fiat,https://hendrickchryslerjeep.com,NC,Stellantis,stellantis-hendrick-chrysler-jeep-fiat,yes,,,undetected (blocked/unreachable),none,CLOUDFLARE,Cloudflare,CLOUDFLARE(403),403
Hendrick,Hendrick Honda,https://hendrickhonda.com,NC,Honda,honda-hendrick-honda,yes,,,undetected (blocked/unreachable),none,not in box1/3/4 reports,,CLOUDFLARE(403),403
Hendrick,Hendrick Honda Hickory,https://hendrickhondahickory.com,NC,Honda,honda-hendrick-honda-hickory,yes,,,undetected (blocked/unreachable),none,not in box1/3/4 reports,,unreachable,0
Hendrick,Hendrick Kia Of Concord,https://hendrickkiaofconcord.com,NC,Kia,kia-hendrick-kia-of-concord,yes,,,undetected (blocked/unreachable),none,not in box1/3/4 reports,,unreachable,0
Hendrick,Hendrick Lexus Charlotte,https://hendricklexuscharlotte.com,NC,Lexus,lexus-hendrick-lexus-charlotte,yes,,,undetected (blocked/unreachable),none,not in box1/3/4 reports,,unreachable,0
Hendrick,Hendrick Lexus Northlake,https://hendricklexusnorthlake.com,NC,Lexus,lexus-hendrick-lexus-northlake,yes,,,undetected (blocked/unreachable),none,not in box1/3/4 reports,,unreachable,0
Hendrick,Hendrick Mini,https://hendrickmini.com,NC,Mini,mini-hendrick-mini,yes,,,undetected (blocked/unreachable),none,not in box1/3/4 reports,,unreachable,0
Hendrick,Hendrick Motors Of Charlotte,https://hendrick-charlotte.mercedesdealer.com,NC,Mercedes-Benz,mercedes-benz-hendrick-motors-of-charlotte,yes,,,undetected (blocked/unreachable),none,not in box1/3/4 reports,,unreachable,0
Hendrick,Hendrick Subaru Southpoint,https://subarusouthpoint.com,NC,Subaru,subaru-hendrick-subaru-southpoint,yes,,,undetected (blocked/unreachable),none,not in box1/3/4 reports,,unreachable,0
Hendrick,Hendrick Toyota Apex,https://hendricktoyotaapex.com,NC,Toyota,toyota-hendrick-toyota-apex,yes,,,undetected (blocked/unreachable),none,not in box1/3/4 reports,,OTHER_WAF(403),403
Hendrick,Hendrick Toyota Concord,https://hendricktoyotaconcord.com,NC,Toyota,toyota-hendrick-toyota-concord,yes,,,undetected (blocked/unreachable),none,not in box1/3/4 reports,,CLOUDFLARE(403),403
Hendrick,Hendrick Toyota Wilmington,https://toyotaofwilmington.com,NC,Toyota,toyota-hendrick-toyota-wilmington,yes,,,undetected (blocked/unreachable),none,not in box1/3/4 reports,,OTHER_WAF(403),403
Hendrick,Hendrick Volkswagen Of Concord,https://hendrickvwofconcord.com,NC,Volkswagen,volkswagen-hendrick-volkswagen-of-concord,yes,4,0,Dealer.com,vdp-url-shape (our shards),not in box1/3/4 reports,,unreachable,0
Hendrick,Rick Hendrick City Chevrolet,https://citychevrolet.com,NC,Chevrolet,chevrolet-rick-hendrick-city-chevrolet,yes,,,undetected (blocked/unreachable),none,CLOUDFLARE,Cloudflare,CLOUDFLARE(403),403
Hendrick,Rick Hendrick Toyota,https://rickhendricktoyota.com,NC,Toyota,toyota-rick-hendrick-toyota,yes,,,undetected (blocked/unreachable),none,not in box1/3/4 reports,,OTHER_WAF(403),403
Hendrick,Stevenson - Hendrick Honda Wilmington,https://stevensonhendrickhonda.com,NC,Honda,honda-stevenson-hendrick-honda-wilmington,yes,,,undetected (blocked/unreachable),none,not in box1/3/4 reports,,CLOUDFLARE(403),403
Hendrick,Stevenson-Hendrick Honda Jacksonville,https://stevensonhendrickhondajacksonville.com,NC,Honda,honda-stevenson-hendrick-honda-jacksonville,yes,,,undetected (blocked/unreachable),none,not in box1/3/4 reports,,CLOUDFLARE(403),403
Hendrick,Stevenson-Hendrick Mazda Wilmi,https://stevensonhendrickmazda.com,NC,Mazda,mazda-stevenson-hendrick-mazda-wilmi,yes,,,undetected (blocked/unreachable),none,not in box1/3/4 reports,,CLOUDFLARE(403),403
Hendrick,Stevenson-Hendrick Toyota Jacksonville,https://stevensonhendricktoyota.com,NC,Toyota,toyota-stevenson-hendrick-toyota-jacksonville,yes,,,undetected (blocked/unreachable),none,not in box1/3/4 reports,,OTHER_WAF(403),403
Hendrick,Hendrick Chevrolet,https://hendrickchevroletcolumbia.com,SC,Chevrolet,chevrolet-hendrick-chevrolet,yes,,,undetected (blocked/unreachable),none,CLOUDFLARE,Cloudflare,CLOUDFLARE(403),403
Hendrick,Hendrick Gmc,https://hendrickgmccolumbia.com,SC,GMC,gmc-hendrick-gmc,yes,,,undetected (blocked/unreachable),none,CLOUDFLARE,Cloudflare,CLOUDFLARE(403),403
Hendrick,Hendrick Honda Easley,https://hendrickhondasc.com,SC,Honda,honda-hendrick-honda-easley,yes,,,undetected (blocked/unreachable),none,CLOUDFLARE,Cloudflare,CLOUDFLARE(403),403
Hendrick,Hendrick Honda Of Charleston,https://charlestonhonda.com,SC,Honda,honda-hendrick-honda-of-charleston,yes,,,undetected (blocked/unreachable),none,CLOUDFLARE,Cloudflare,CLOUDFLARE(403),403
Hendrick,Hendrick Lexus Charleston,https://hendricklexuscharleston.com,SC,Lexus,lexus-hendrick-lexus-charleston,yes,202,82,Dealer Inspire/DealerFire/Sincro-style (/inventory/..),vdp-url-shape (our shards),NONE,,unreachable,0
Hendrick,Hendrick Toyota North Charleston,https://hendricktoyotanorthcharleston.com,SC,Toyota,toyota-hendrick-toyota-north-charleston,yes,,,undetected (blocked/unreachable),none,HTTP_403,DataDome,OTHER_WAF(403),403
Hendrick,Hendrick Volvo Cars Of Charleston,https://hendrickvolvocars.com,SC,Volvo,volvo-hendrick-volvo-cars-of-charleston,yes,276,192,custom/unclassified,vdp-url-shape (our shards),NONE,,unreachable,0
Hendrick,Rick Hendrick Bmw Charleston,https://rickhendrickbmw.com,SC,BMW,bmw-rick-hendrick-bmw-charleston,yes,265,182,Dealer.com,vdp-url-shape (our shards),NONE,,unreachable,0
Hendrick,Rick Hendrick Dodge Chrysler Jeep Ram,https://rickhendrickdodge.com,SC,Stellantis,stellantis-rick-hendrick-dodge-chrysler-jeep-ram,yes,,,undetected (blocked/unreachable),none,CLOUDFLARE,Cloudflare,CLOUDFLARE(403),403
Hendrick,Rick Hendrick Jeep Chrysler Dodge Ram Fiat,https://jeephendrick.com,SC,Stellantis,stellantis-rick-hendrick-jeep-chrysler-dodge-ram-fiat,yes,,,undetected (blocked/unreachable),none,CLOUDFLARE,Cloudflare,CLOUDFLARE(403),403
Hendrick,Hendrick Volkswagen Frisco,https://hendrickvwfrisco.com,TX,Volkswagen,volkswagen-hendrick-volkswagen-frisco,yes,,,undetected (blocked/unreachable),none,not in box1/3/4 reports,,CLOUDFLARE(403),403
Hendrick,Rick Hendrick Cadillac,https://rickhendrickcadillacnorfolk.com,VA,Cadillac,cadillac-rick-hendrick-cadillac,yes,,,undetected (blocked/unreachable),none,CLOUDFLARE,Cloudflare,CLOUDFLARE(403),403
Hendrick,Rick Hendrick Chevrolet,https://rickhendrickchevroletnorfolk.com,VA,Chevrolet,chevrolet-rick-hendrick-chevrolet,yes,,,undetected (blocked/unreachable),none,CLOUDFLARE,Cloudflare,CLOUDFLARE(403),403
Hendrick,Rick Hendrick Chevrolet Buick Gmc,https://hendrickbuickgmcrichmond.com,VA,Buick/GMC,buick-rick-hendrick-chevrolet-buick-gmc;gmc-rick-hendrick-chevrolet-buick-gmc,yes,,,undetected (blocked/unreachable),none,CLOUDFLARE,Cloudflare,CLOUDFLARE(403),403
Holman,Holman Honda,https://holmanhondacentennial.com,CO,Honda,honda-holman-honda,yes,,,undetected (blocked/unreachable),none,not in box1/3/4 reports,,CLOUDFLARE(403),403
Holman,Holman Cadillac,https://holmancadillac.com,NJ,Cadillac,cadillac-holman-cadillac,yes,,,undetected (blocked/unreachable),none,CLOUDFLARE,Cloudflare,CLOUDFLARE(403),403
Holman,Holman Ford Maple Shade,https://holmanfordmapleshade.net,NJ,Ford,ford-holman-ford-maple-shade,yes,,,undetected (blocked/unreachable),none,CLOUDFLARE,Cloudflare,CLOUDFLARE(403),403
Holman,Holman Ford Turnersville,https://holmanturnersville.com,NJ,Ford,ford-holman-ford-turnersville,yes,,,undetected (blocked/unreachable),none,CLOUDFLARE,Cloudflare,CLOUDFLARE(403),403
Holman,Holman Infiniti,https://holmaninfiniti.com,NJ,Infiniti,infiniti-holman-infiniti,yes,,,undetected (blocked/unreachable),none,CLOUDFLARE,Cloudflare,CLOUDFLARE(403),403
Holman,Holman Lincoln Mt. Laurel,https://holmanlincolnmtlaurel.net,NJ,Lincoln,lincoln-holman-lincoln-mt-laurel,yes,,,undetected (blocked/unreachable),none,NONE,,unreachable,0
Holman,Holman Toyota,https://holmantoyota.com,NJ,Toyota,toyota-holman-toyota,yes,,,undetected (blocked/unreachable),none,CLOUDFLARE,Cloudflare,CLOUDFLARE(403),403
Holman,"Holman Motors, Inc.",https://holmangmc.com,OH,GMC,gmc-holman-motors-inc,yes,14,14,Dealer.com,vdp-url-shape (our shards),NONE,,AKAMAI(403),403
Ken Garff,Ken Garff Gateway Chevrolet,https://gatewaychevrolet.com,AZ,Chevrolet,chevrolet-ken-garff-gateway-chevrolet,yes,,,undetected (blocked/unreachable),none,not in box1/3/4 reports,,unreachable,0
Ken Garff,Ken Garff Hyundai Surprise,https://kengarffhyundaisurprise.com,AZ,Hyundai,hyundai-ken-garff-hyundai-surprise,yes,,,undetected (blocked/unreachable),none,CLOUDFLARE,Cloudflare,CLOUDFLARE(403),403
Ken Garff,Ken Garff Volkswagen Gilbert,https://kengarffvwgilbert.com,AZ,Volkswagen,volkswagen-ken-garff-volkswagen-gilbert,yes,,,undetected (blocked/unreachable),none,CLOUDFLARE,Cloudflare,CLOUDFLARE(403),403
Ken Garff,Ken Garff Ford Ft. Collins,https://kengarfffordfortcollins.com,CO,Ford,ford-ken-garff-ford-ft-collins,yes,,,undetected (blocked/unreachable),none,not in box1/3/4 reports,,CLOUDFLARE(403),403
Ken Garff,Ken Garff Ford Greeley,https://kengarfffordgreeley.com,CO,Ford,ford-ken-garff-ford-greeley,yes,,,undetected (blocked/unreachable),none,not in box1/3/4 reports,,CLOUDFLARE(403),403
Ken Garff,Ken Garff Buick Gmc Riverdale,https://kengarffgm.com,UT,Buick/GMC,buick-ken-garff-buick-gmc-riverdale;gmc-ken-garff-buick-gmc-riverdale,yes,,,undetected (blocked/unreachable),none,CLOUDFLARE,Cloudflare,CLOUDFLARE(403),403
Ken Garff,Ken Garff Chevrolet,https://kengarffchevrolet.com,UT,Chevrolet,chevrolet-ken-garff-chevrolet,yes,,,undetected (blocked/unreachable),none,CLOUDFLARE,Cloudflare,CLOUDFLARE(403),403
Ken Garff,Ken Garff Ford,https://kengarfffordaf.com,UT,Ford,ford-ken-garff-ford,yes,,,undetected (blocked/unreachable),none,CLOUDFLARE,Cloudflare,CLOUDFLARE(403),403
Ken Garff,Ken Garff Honda Downtown,https://kengarffhondadowntown.com,UT,Honda,honda-ken-garff-honda-downtown,yes,,,undetected (blocked/unreachable),none,CLOUDFLARE,Cloudflare,CLOUDFLARE(403),403
Ken Garff,Ken Garff Honda Of Orem,https://kengarffhondaoforem.com,UT,Honda,honda-ken-garff-honda-of-orem,yes,,,undetected (blocked/unreachable),none,CLOUDFLARE,Cloudflare,CLOUDFLARE(403),403
Ken Garff,Ken Garff Honda Riverdale,https://kengarffhondariverdale.com,UT,Honda,honda-ken-garff-honda-riverdale,yes,,,undetected (blocked/unreachable),none,CLOUDFLARE,Cloudflare,CLOUDFLARE(403),403
Ken Garff,Ken Garff Hyundai Downtown,https://kengarffhyundaidowntown.com,UT,Hyundai,hyundai-ken-garff-hyundai-downtown,yes,,,undetected (blocked/unreachable),none,not in box1/3/4 reports,,CLOUDFLARE(403),403
Ken Garff,Ken Garff Hyundai Southtowne,https://kengarffhyundaisouthtowne.com,UT,Hyundai,hyundai-ken-garff-hyundai-southtowne,yes,,,undetected (blocked/unreachable),none,not in box1/3/4 reports,,CLOUDFLARE(403),403
Ken Garff,Ken Garff Nissan Of Orem,https://kengarffnissanorem.com,UT,Nissan,nissan-ken-garff-nissan-of-orem,yes,,,undetected (blocked/unreachable),none,CLOUDFLARE,Cloudflare,CLOUDFLARE(403),403
Ken Garff,Ken Garff Nissan Of Salt Lake,https://kengarffnissanslc.com,UT,Nissan,nissan-ken-garff-nissan-of-salt-lake,yes,,,undetected (blocked/unreachable),none,CLOUDFLARE,Cloudflare,CLOUDFLARE(403),403
Ken Garff,Ken Garff Volkswagen,https://kengarffvworem.com,UT,Volkswagen,volkswagen-ken-garff-volkswagen,yes,,,undetected (blocked/unreachable),none,not in box1/3/4 reports,,CLOUDFLARE(403),403
Ken Garff,Ken Garff Volkswagen Southtowne,https://kengarffvwsouthtowne.com,UT,Volkswagen,volkswagen-ken-garff-volkswagen-southtowne,yes,,,undetected (blocked/unreachable),none,not in box1/3/4 reports,,CLOUDFLARE(403),403
Ken Garff,Ken Garff Volvo Cars,https://kengarffvolvocars.com,UT,Volvo,volvo-ken-garff-volvo-cars,yes,244,171,Dealer.com,vdp-url-shape (our shards),NONE,,unreachable,0
Ken Garff,Ken Garff West Valley Chrysler Jeep Dodge Ram Fiat,https://dodgehq.com,UT,Stellantis,stellantis-ken-garff-west-valley-chrysler-jeep-dodge-ram-fiat,yes,,,undetected (blocked/unreachable),none,CLOUDFLARE,Cloudflare,CLOUDFLARE(403),403
Ken Garff,Ken Garff West Valley Ford,https://kengarffwestvalleyford.com,UT,Ford,ford-ken-garff-west-valley-ford,yes,,,undetected (blocked/unreachable),none,CLOUDFLARE,Cloudflare,CLOUDFLARE(403),403
Ken Garff,Mercedes-Benz Of Salt Lake City,https://kengarffmercedes.com,UT,Mercedes-Benz,mercedes-benz-mercedes-benz-of-salt-lake-city,yes,,,undetected (blocked/unreachable),none,not in box1/3/4 reports,,CLOUDFLARE(403),403
Ken Garff,Ken Garff Ford Cheyenne,https://kengarfffordcheyenne.com,WY,Ford,ford-ken-garff-ford-cheyenne,yes,,,undetected (blocked/unreachable),none,not in box1/3/4 reports,,CLOUDFLARE(403),403
Ken Garff,Ken Garff Hyundai Cheyenne,https://kengarffhyundaicheyenne.com,WY,Hyundai,hyundai-ken-garff-hyundai-cheyenne,yes,,,undetected (blocked/unreachable),none,not in box1/3/4 reports,,CLOUDFLARE(403),403
Ken Garff,Ken Garff Toyota Cheyenne,https://kengarfftoyotacheyenne.com,WY,Toyota,toyota-ken-garff-toyota-cheyenne,yes,,,undetected (blocked/unreachable),none,not in box1/3/4 reports,,CLOUDFLARE(403),403
Larry H. Miller (Asbury since 2021),Larry H Miller Hyundai Peoria,https://larrymillerhyundai.com,AZ,Hyundai,hyundai-larry-h-miller-hyundai-peoria,yes,51,51,Dealer.com,vdp-url-shape (our shards),NONE,,AKAMAI(403),403
Larry H. Miller (Asbury since 2021),Larry H Miller Nissan Mesa,https://lhmnissanmesa.com,AZ,Nissan,nissan-larry-h-miller-nissan-mesa,yes,187,104,Dealer.com,vdp-url-shape (our shards),NONE,,AKAMAI(403),403
Larry H. Miller (Asbury since 2021),Larry H. Miller Chrysler Jeep Dodge Ram Surprise,https://chryslerjeepdodgesurprise.com,AZ,Stellantis,stellantis-larry-h-miller-chrysler-jeep-dodge-ram-surprise,yes,,,undetected (blocked/unreachable),none,not in box1/3/4 reports,,AKAMAI(403),403
Larry H. Miller (Asbury since 2021),Larry H. Miller Chrysler Jeep Tucson,https://larrymillerchryslerjeeptucson.com,AZ,Stellantis,stellantis-larry-h-miller-chrysler-jeep-tucson,yes,,,undetected (blocked/unreachable),none,not in box1/3/4 reports,,AKAMAI(403),403
Larry H. Miller (Asbury since 2021),Larry H. Miller Dodge Ram Avondale,https://lhmcdjravondale.com,AZ,Stellantis,stellantis-larry-h-miller-dodge-ram-avondale,yes,,,undetected (blocked/unreachable),none,not in box1/3/4 reports,,AKAMAI(403),403
Larry H. Miller (Asbury since 2021),Larry H. Miller Ford Mesa,https://lhmfordmesa.net,AZ,Ford,ford-larry-h-miller-ford-mesa,yes,,,undetected (blocked/unreachable),none,not in box1/3/4 reports,,unreachable,0
Larry H. Miller (Asbury since 2021),Larry H. Miller Toyota Peoria,https://larrymillertoyota.com,AZ,Toyota,toyota-larry-h-miller-toyota-peoria,yes,122,122,Dealer.com,vdp-url-shape (our shards),NONE,,AKAMAI(403),403
Larry H. Miller (Asbury since 2021),Larry H. Miller Volkswagen Avondale,https://larrymillervolkswagen.com,AZ,Volkswagen,volkswagen-larry-h-miller-volkswagen-avondale,yes,291,128,Dealer.com,vdp-url-shape (our shards),NONE,,AKAMAI(403),403
Larry H. Miller (Asbury since 2021),Larry H. Miller Volkswagen Tucson,https://volkswagenoftucson.com,AZ,Volkswagen,volkswagen-larry-h-miller-volkswagen-tucson,yes,105,74,Dealer.com,vdp-url-shape (our shards),NONE,,AKAMAI(403),403
Larry H. Miller (Asbury since 2021),Larry H. Miller Chrysler Dodge Jeep Ram 104Th,https://lhmdenverjeep.com,CO,Stellantis,stellantis-larry-h-miller-chrysler-dodge-jeep-ram-104th,yes,,,undetected (blocked/unreachable),none,not in box1/3/4 reports,,AKAMAI(403),403
Larry H. Miller (Asbury since 2021),Larry H. Miller Colorado Jeep,https://lhmcoloradojeep.com,CO,Stellantis,stellantis-larry-h-miller-colorado-jeep,yes,,,undetected (blocked/unreachable),none,not in box1/3/4 reports,,AKAMAI(403),403
Larry H. Miller (Asbury since 2021),Larry H. Miller Ford Lakewood,https://larryhmillerford.net,CO,Ford,ford-larry-h-miller-ford-lakewood,yes,,,undetected (blocked/unreachable),none,not in box1/3/4 reports,,unreachable,0
Larry H. Miller (Asbury since 2021),Larry H. Miller Volkswagen Lakewood,https://lhmvw.com,CO,Volkswagen,volkswagen-larry-h-miller-volkswagen-lakewood,yes,,,undetected (blocked/unreachable),none,not in box1/3/4 reports,,AKAMAI(403),403
Larry H. Miller (Asbury since 2021),Larry H. Miller Chrysler Jeep Dodge Ram Boise,https://lhmdodgeboise.com,ID,Stellantis,stellantis-larry-h-miller-chrysler-jeep-dodge-ram-boise,yes,,,undetected (blocked/unreachable),none,not in box1/3/4 reports,,AKAMAI(403),403
Larry H. Miller (Asbury since 2021),Larry H. Miller Honda Boise,https://larrymillerhondaboise.com,ID,Honda,honda-larry-h-miller-honda-boise,yes,214,167,Dealer.com,vdp-url-shape (our shards),NONE,,AKAMAI(403),403
Larry H. Miller (Asbury since 2021),Larry H. Miller Subaru Boise,https://boisesubaru.com,ID,Subaru,subaru-larry-h-miller-subaru-boise,yes,213,143,Dealer.com,vdp-url-shape (our shards),NONE,,AKAMAI(403),403
Larry H. Miller (Asbury since 2021),Larry H Miller Hyundai Albuquerque,https://larryhmillerhyundai.com,NM,Hyundai,hyundai-larry-h-miller-hyundai-albuquerque,yes,,,undetected (blocked/unreachable),none,not in box1/3/4 reports,,AKAMAI(403),403
Larry H. Miller (Asbury since 2021),Larry H Miller Sw Hyundai Albuquerq,https://southwesthyundai.com,NM,Hyundai,hyundai-larry-h-miller-sw-hyundai-albuquerq,yes,,,undetected (blocked/unreachable),none,not in box1/3/4 reports,,AKAMAI(403),403
Larry H. Miller (Asbury since 2021),Larry H. Miller American Toyota Albuquerque,https://americantoyota.com,NM,Toyota,toyota-larry-h-miller-american-toyota-albuquerque,yes,,,undetected (blocked/unreachable),none,not in box1/3/4 reports,,AKAMAI(403),403
Larry H. Miller (Asbury since 2021),Larry H. Miller Casa Chevrolet,https://lhmcasachevroletalbuquerque.com,NM,Chevrolet,chevrolet-larry-h-miller-casa-chevrolet,yes,,,undetected (blocked/unreachable),none,NONE,,unreachable,0
Larry H. Miller (Asbury since 2021),Larry H. Miller Casa Chrysler Jeep,https://lhmcasajeepalbuquerque.com,NM,Stellantis,stellantis-larry-h-miller-casa-chrysler-jeep,yes,,,undetected (blocked/unreachable),none,NONE,,AKAMAI(403),403
Larry H. Miller (Asbury since 2021),Larry H. Miller Chrysler Jeep Dodge Albuquerque,https://lhmchryslerjeepdodgeabq.com,NM,Stellantis,stellantis-larry-h-miller-chrysler-jeep-dodge-albuquerque,yes,,,undetected (blocked/unreachable),none,NONE,,AKAMAI(403),403
Larry H. Miller (Asbury since 2021),Lawrence Hall Mazda,https://lhmazda.com,TX,Mazda,mazda-lawrence-hall-mazda,yes,,,undetected (blocked/unreachable),none,not in box1/3/4 reports,,AKAMAI(403),403
Larry H. Miller (Asbury since 2021),Larry H. Miller Chevrolet Murray,https://larryhmillerchevrolet.com,UT,Chevrolet,chevrolet-larry-h-miller-chevrolet-murray,yes,,,undetected (blocked/unreachable),none,NONE,,AKAMAI(403),403
Larry H. Miller (Asbury since 2021),Larry H. Miller Chrysler Jeep Dodge Ram Sandy,https://lhmchryslerjeep.com,UT,Stellantis,stellantis-larry-h-miller-chrysler-jeep-dodge-ram-sandy,yes,,,undetected (blocked/unreachable),none,NONE,,AKAMAI(403),403
Larry H. Miller (Asbury since 2021),Larry H. Miller Ford Lincoln Draper,https://larryhmillerforddraper.net,UT,Ford,ford-larry-h-miller-ford-lincoln-draper,yes,,,undetected (blocked/unreachable),none,NONE,,unreachable,0
Larry H. Miller (Asbury since 2021),Larry H. Miller Ford Lincoln Draper,https://larryhmillerlincolndraper.com,UT,Lincoln,lincoln-larry-h-miller-ford-lincoln-draper,yes,,,undetected (blocked/unreachable),none,NONE,,AKAMAI(403),403
Larry H. Miller (Asbury since 2021),Larry H. Miller Honda Murray,https://lhmhonda.com,UT,Honda,honda-larry-h-miller-honda-murray,yes,133,103,Dealer.com,vdp-url-shape (our shards),NONE,,AKAMAI(403),403
Larry H. Miller (Asbury since 2021),Larry H. Miller Super Ford Salt Lake City,https://larryhmillersuperford.com,UT,Ford,ford-larry-h-miller-super-ford-salt-lake-city,yes,,,undetected (blocked/unreachable),none,NONE,,unreachable,0
Larry H. Miller (Asbury since 2021),Larry H. Miller Toyota Murray,https://larryhmillertoyota.com,UT,Toyota,toyota-larry-h-miller-toyota-murray,yes,,,undetected (blocked/unreachable),none,not in box1/3/4 reports,,AKAMAI(403),403
"Lithia/Driveway (incl. Quirk, DCH)",Lithia Hyundai Of Anchorage,https://lithiahyundaianchorage.com,AK,Hyundai,,yes,,,undetected (blocked/unreachable),none,not in box1/3/4 reports,,unreachable,0
"Lithia/Driveway (incl. Quirk, DCH)",Dch Chrysler Dodge Jeep Ram Fiat Temecula,https://dchchryslerjeepdodgeoftemecula.com,CA,Stellantis,stellantis-dch-chrysler-dodge-jeep-ram-fiat-temecula,yes,350,228,DealerOn,vdp-url-shape (our shards),NONE,,pass,200
"Lithia/Driveway (incl. Quirk, DCH)",Dch Ford Of Thousand Oaks,https://dchfordofthousandoaks.net,CA,Ford,ford-dch-ford-of-thousand-oaks,yes,,,undetected (blocked/unreachable),none,NONE,,unreachable,0
"Lithia/Driveway (incl. Quirk, DCH)",Dch Honda Of Mission Valley,https://dchhondaofmissionvalley.com,CA,Honda,honda-dch-honda-of-mission-valley,yes,,,undetected (blocked/unreachable),none,not in box1/3/4 reports,,unreachable,0
"Lithia/Driveway (incl. Quirk, DCH)",Dch Honda Of Oxnard,https://hondaofoxnard.com,CA,Honda,honda-dch-honda-of-oxnard,yes,,,undetected (blocked/unreachable),none,not in box1/3/4 reports,,unreachable,0
"Lithia/Driveway (incl. Quirk, DCH)",Dch Honda Of Temecula,https://dchhondaoftemecula.com,CA,Honda,honda-dch-honda-of-temecula,yes,,,undetected (blocked/unreachable),none,not in box1/3/4 reports,,unreachable,0
"Lithia/Driveway (incl. Quirk, DCH)",Dch Kia Of Temecula,https://dchkiaoftemecula.com,CA,Kia,kia-dch-kia-of-temecula,yes,,,undetected (blocked/unreachable),none,not in box1/3/4 reports,,unreachable,0
"Lithia/Driveway (incl. Quirk, DCH)",Dch Subaru Of Riverside,https://dchsubaruofriverside.com,CA,Subaru,subaru-dch-subaru-of-riverside,yes,,,undetected (blocked/unreachable),none,not in box1/3/4 reports,,unreachable,0
"Lithia/Driveway (incl. Quirk, DCH)",Dch Subaru Of Thousand Oaks,https://dchsubaruthousandoaks.com,CA,Subaru,subaru-dch-subaru-of-thousand-oaks,yes,,,Dealer.com,homepage html,not in box1/3/4 reports,,pass,200
"Lithia/Driveway (incl. Quirk, DCH)",Dch Toyota Of Oxnard,https://toyotaofoxnard.com,CA,Toyota,toyota-dch-toyota-of-oxnard,yes,,,undetected (blocked/unreachable),none,not in box1/3/4 reports,,unreachable,0
"Lithia/Driveway (incl. Quirk, DCH)",Dch Toyota Of Torrance,https://torrancetoyota.com,CA,Toyota,toyota-dch-toyota-of-torrance,yes,,,undetected (blocked/unreachable),none,not in box1/3/4 reports,,unreachable,0
"Lithia/Driveway (incl. Quirk, DCH)",Dch Tustin Acura,https://dchtustinacura.com,CA,Acura,dch-tustin-acura,yes,,,Dealer.com,homepage html,not in box1/3/4 reports,,pass,200
"Lithia/Driveway (incl. Quirk, DCH)",Lithia Hyundai Of Fresno,https://lithiahyundaioffresno.com,CA,Hyundai,,yes,,,undetected (blocked/unreachable),none,not in box1/3/4 reports,,unreachable,0
"Lithia/Driveway (incl. Quirk, DCH)",Lithia Subaru Of Fresno,https://lithiasubarufresno.com,CA,Subaru,,yes,,,Team Velocity,homepage html,not in box1/3/4 reports,,pass,200
"Lithia/Driveway (incl. Quirk, DCH)",Lithia Toyota Of Redding,https://lithiatoyotaredding.com,CA,Toyota,,yes,,,undetected (blocked/unreachable),none,not in box1/3/4 reports,,unreachable,0
"Lithia/Driveway (incl. Quirk, DCH)",Lithia Volkswagen Of Des Moines,https://volkswagenofdesmoines.com,IA,Volkswagen,,yes,,,undetected (blocked/unreachable),none,not in box1/3/4 reports,,CLOUDFLARE(403),403
"Lithia/Driveway (incl. Quirk, DCH)",Quirk Buick Gmc Of Braintree,https://quirkbuickgmcofbraintree.com,MA,Buick/GMC,buick-quirk-buick-gmc-of-braintree;gmc-quirk-buick-gmc-of-braintree,yes,,,undetected (blocked/unreachable),none,CLOUDFLARE,Cloudflare,CLOUDFLARE(403),403
"Lithia/Driveway (incl. Quirk, DCH)",Quirk Chevrolet,https://quirkchevy.com,MA,Chevrolet,chevrolet-quirk-chevrolet,yes,,,undetected (blocked/unreachable),none,CLOUDFLARE,Cloudflare,CLOUDFLARE(403),403
"Lithia/Driveway (incl. Quirk, DCH)",Quirk Chrysler Dodge Jeep Ram,https://quirkchryslerdodgejeepram.com,MA,Stellantis,stellantis-quirk-chrysler-dodge-jeep-ram,yes,,,undetected (blocked/unreachable),none,CLOUDFLARE,Cloudflare,CLOUDFLARE(403),403
"Lithia/Driveway (incl. Quirk, DCH)",Quirk Chrysler Jeep,https://quirkchryslerjeep.com,MA,Stellantis,stellantis-quirk-chrysler-jeep,yes,,,undetected (blocked/unreachable),none,CLOUDFLARE,Cloudflare,CLOUDFLARE(403),403
"Lithia/Driveway (incl. Quirk, DCH)",Quirk Chrysler Jeep Of Dorchester,https://quirkcdjrdorchester.com,MA,Stellantis,stellantis-quirk-chrysler-jeep-of-dorchester,yes,,,undetected (blocked/unreachable),none,CLOUDFLARE,Cloudflare,CLOUDFLARE(403),403
"Lithia/Driveway (incl. Quirk, DCH)",Quirk Ford,https://quirk-ford.com,MA,Ford,ford-quirk-ford,yes,,,undetected (blocked/unreachable),none,CLOUDFLARE,Cloudflare,CLOUDFLARE(403),403
"Lithia/Driveway (incl. Quirk, DCH)",Quirk Hyundai,https://quirkhyundai.com,MA,Hyundai,hyundai-quirk-hyundai,yes,,,undetected (blocked/unreachable),none,not in box1/3/4 reports,,CLOUDFLARE(403),403
"Lithia/Driveway (incl. Quirk, DCH)",Quirk Kia South,https://quirkkiasouth.com,MA,Kia,kia-quirk-kia-south,yes,,,undetected (blocked/unreachable),none,CLOUDFLARE,Cloudflare,CLOUDFLARE(403),403
"Lithia/Driveway (incl. Quirk, DCH)",Quirk Mazda,https://quirkmazda.com,MA,Mazda,mazda-quirk-mazda,yes,,,undetected (blocked/unreachable),none,CLOUDFLARE,Cloudflare,CLOUDFLARE(403),403
"Lithia/Driveway (incl. Quirk, DCH)",Quirk Nissan,https://quirknissan.com,MA,Nissan,nissan-quirk-nissan,yes,,,undetected (blocked/unreachable),none,CLOUDFLARE,Cloudflare,CLOUDFLARE(403),403
"Lithia/Driveway (incl. Quirk, DCH)",Quirk Volkswagen,https://quirkvw.com,MA,Volkswagen,volkswagen-quirk-volkswagen,yes,,,undetected (blocked/unreachable),none,CLOUDFLARE,Cloudflare,CLOUDFLARE(403),403
"Lithia/Driveway (incl. Quirk, DCH)",Quirk Works Subaru,https://quirksubaruma.com,MA,Subaru,subaru-quirk-works-subaru,yes,462,450,Dealer.com,vdp-url-shape (our shards),NONE,,AKAMAI(403),403
"Lithia/Driveway (incl. Quirk, DCH)",Quirk Auto Park Of Bangor,https://quirk.mercedesdealer.com,ME,Mercedes-Benz,mercedes-benz-quirk-auto-park-of-bangor,yes,,,undetected (blocked/unreachable),none,not in box1/3/4 reports,,unreachable,0
"Lithia/Driveway (incl. Quirk, DCH)",Quirk Cadillac Of Bangor,https://quirkcadillac.com,ME,Cadillac,cadillac-quirk-cadillac-of-bangor,yes,,,undetected (blocked/unreachable),none,not in box1/3/4 reports,,CLOUDFLARE(403),403
"Lithia/Driveway (incl. Quirk, DCH)",Quirk Chevrolet,https://quirkchevyofportland.com,ME,Chevrolet,chevrolet-quirk-chevrolet,yes,,,undetected (blocked/unreachable),none,not in box1/3/4 reports,,CLOUDFLARE(403),403
"Lithia/Driveway (incl. Quirk, DCH)",Quirk Chevrolet Gmc Of Rockland,https://quirkgmcofrockland.com,ME,GMC,gmc-quirk-chevrolet-gmc-of-rockland,yes,,,undetected (blocked/unreachable),none,not in box1/3/4 reports,,CLOUDFLARE(403),403
"Lithia/Driveway (incl. Quirk, DCH)",Quirk Chevrolet Gmc Of Rockland,https://quirkchevroletgmcofrockland.com,ME,Chevrolet,chevrolet-quirk-chevrolet-gmc-of-rockland,yes,,,undetected (blocked/unreachable),none,not in box1/3/4 reports,,CLOUDFLARE(403),403
"Lithia/Driveway (incl. Quirk, DCH)",Quirk Chevrolet Of Bangor,https://quirkchevyofbangor.com,ME,Chevrolet,chevrolet-quirk-chevrolet-of-bangor,yes,,,undetected (blocked/unreachable),none,not in box1/3/4 reports,,CLOUDFLARE(403),403
"Lithia/Driveway (incl. Quirk, DCH)",Quirk Chrysler Dodge Jeep Of Belfast,https://quirkchryslerdodgejeepofbelfast.com,ME,Stellantis,stellantis-quirk-chrysler-dodge-jeep-of-belfast,yes,,,undetected (blocked/unreachable),none,not in box1/3/4 reports,,CLOUDFLARE(403),403
"Lithia/Driveway (incl. Quirk, DCH)",Quirk Chrysler Jeep Dodge Ram Fiat Of Bangor,https://quirkchryslerjeepdodgeofbangor.com,ME,Stellantis,stellantis-quirk-chrysler-jeep-dodge-ram-fiat-of-bangor,yes,,,undetected (blocked/unreachable),none,not in box1/3/4 reports,,CLOUDFLARE(403),403
"Lithia/Driveway (incl. Quirk, DCH)",Quirk Ford Of Augusta,https://quirkfordofaugusta.com,ME,Ford,ford-quirk-ford-of-augusta,yes,,,undetected (blocked/unreachable),none,not in box1/3/4 reports,,CLOUDFLARE(403),403
"Lithia/Driveway (incl. Quirk, DCH)",Quirk Ford Of Belfast,https://quirkfordbelfast.com,ME,Ford,ford-quirk-ford-of-belfast,yes,,,undetected (blocked/unreachable),none,not in box1/3/4 reports,,CLOUDFLARE(403),403
"Lithia/Driveway (incl. Quirk, DCH)",Quirk Hyundai Of Bangor,https://quirkhyundaiofbangor.com,ME,Hyundai,hyundai-quirk-hyundai-of-bangor,yes,,,undetected (blocked/unreachable),none,not in box1/3/4 reports,,CLOUDFLARE(403),403
"Lithia/Driveway (incl. Quirk, DCH)",Quirk Mitsubishi,https://quirkmitsubishiofbangor.com,ME,Mitsubishi,mitsubishi-quirk-mitsubishi,yes,,,Team Velocity,homepage html,not in box1/3/4 reports,,pass,200
"Lithia/Driveway (incl. Quirk, DCH)",Quirk Subaru Of Bangor,https://quirksubaru.com,ME,Subaru,subaru-quirk-subaru-of-bangor,yes,,,undetected (blocked/unreachable),none,not in box1/3/4 reports,,AKAMAI(403),403
"Lithia/Driveway (incl. Quirk, DCH)",Lithia Toyota Of Billings,https://lithiatoyotabillings.com,MT,Toyota,,yes,,,undetected (blocked/unreachable),none,not in box1/3/4 reports,,unreachable,0
"Lithia/Driveway (incl. Quirk, DCH)",Lithia Toyota Of Missoula,https://lithiatoyotamissoula.com,MT,Toyota,,yes,,,undetected (blocked/unreachable),none,not in box1/3/4 reports,,unreachable,0
"Lithia/Driveway (incl. Quirk, DCH)",Quirk Buick And Quirk Gmc,https://quirkbuickgmc.com,NH,Buick/GMC,buick-quirk-buick-and-quirk-gmc;gmc-quirk-buick-and-quirk-gmc,yes,,,undetected (blocked/unreachable),none,CLOUDFLARE,Cloudflare,CLOUDFLARE(403),403
"Lithia/Driveway (incl. Quirk, DCH)",Quirk Chevrolet,https://quirkchevynh.com,NH,Chevrolet,chevrolet-quirk-chevrolet,yes,,,undetected (blocked/unreachable),none,CLOUDFLARE,Cloudflare,CLOUDFLARE(403),403
"Lithia/Driveway (incl. Quirk, DCH)",Quirk Kia Manchester,https://quirkkiamanchester.com,NH,Kia,kia-quirk-kia-manchester,yes,,,undetected (blocked/unreachable),none,CLOUDFLARE,Cloudflare,CLOUDFLARE(403),403
"Lithia/Driveway (incl. Quirk, DCH)",Quirk Volkswagen Nh,https://quirkvwnh.com,NH,Volkswagen,volkswagen-quirk-volkswagen-nh,yes,,,undetected (blocked/unreachable),none,CLOUDFLARE,Cloudflare,CLOUDFLARE(403),403
"Lithia/Driveway (incl. Quirk, DCH)",Dch Academy Honda,https://dchacademyhonda.com,NJ,Honda,honda-dch-academy-honda,yes,411,266,DealerOn,vdp-url-shape (our shards),NONE,,pass,200
"Lithia/Driveway (incl. Quirk, DCH)",Dch Brunswick Toyota,https://dchbrunswicktoyota.com,NJ,Toyota,toyota-dch-brunswick-toyota,yes,443,336,Dealer.com,vdp-url-shape (our shards),NONE,,unreachable,0
"Lithia/Driveway (incl. Quirk, DCH)",Dch Ford Of Eatontown,https://dchfordofeatontown.com,NJ,Ford,ford-dch-ford-of-eatontown,yes,,,undetected (blocked/unreachable),none,CLOUDFLARE,Cloudflare,CLOUDFLARE(403),403
"Lithia/Driveway (incl. Quirk, DCH)",Dch Freehold Toyota,https://dchfreeholdtoyota.com,NJ,Toyota,toyota-dch-freehold-toyota,yes,475,359,Dealer.com,vdp-url-shape (our shards),NONE,,unreachable,0
"Lithia/Driveway (incl. Quirk, DCH)",Dch Kay Honda,https://dchkayhonda.com,NJ,Honda,honda-dch-kay-honda,yes,,,undetected (blocked/unreachable),none,CLOUDFLARE,Cloudflare,CLOUDFLARE(403),403
"Lithia/Driveway (incl. Quirk, DCH)",Dch Montclair Acura,https://dchmontclairacura.com,NJ,Acura,dch-montclair-acura,yes,,,undetected (blocked/unreachable),none,CLOUDFLARE,Cloudflare,CLOUDFLARE(403),403
"Lithia/Driveway (incl. Quirk, DCH)",Dch Paramus Honda,https://dchparamushonda.com,NJ,Honda,honda-dch-paramus-honda,yes,593,407,DealerOn,vdp-url-shape (our shards),NONE,,pass,200
"Lithia/Driveway (incl. Quirk, DCH)",Lithia Hyundai Of Reno,https://lithiahyundaireno.com,NV,Hyundai,,yes,,,undetected (blocked/unreachable),none,not in box1/3/4 reports,,CLOUDFLARE(403),403
"Lithia/Driveway (incl. Quirk, DCH)",Lithia Reno Subaru,https://lithiasubarureno.com,NV,Subaru,,yes,,,undetected (blocked/unreachable),none,not in box1/3/4 reports,,unreachable,0
"Lithia/Driveway (incl. Quirk, DCH)",Lithia Volkswagen Of Reno,https://lithiarenovw.com,NV,Volkswagen,,yes,,,undetected (blocked/unreachable),none,not in box1/3/4 reports,,unreachable,0
"Lithia/Driveway (incl. Quirk, DCH)",Dch Honda Of Nanuet,https://dchhondaofnanuet.com,NY,Honda,honda-dch-honda-of-nanuet,yes,,,undetected (blocked/unreachable),none,CLOUDFLARE,Cloudflare,CLOUDFLARE(403),403
"Lithia/Driveway (incl. Quirk, DCH)",Dch Wappingers Falls Toyota,https://dchwappingerstoyota.com,NY,Toyota,toyota-dch-wappingers-falls-toyota,yes,,,undetected (blocked/unreachable),none,CLOUDFLARE,Cloudflare,CLOUDFLARE(403),403
"Lithia/Driveway (incl. Quirk, DCH)",Lithia Subaru - Oregon City,https://oregoncitysubaru.com,OR,Subaru,,yes,,,undetected (blocked/unreachable),none,not in box1/3/4 reports,,unreachable,0
"Lithia/Driveway (incl. Quirk, DCH)",Lithia Toyota Of Springfield,https://lithiatoyotaspringfield.com,OR,Toyota,,yes,,,undetected (blocked/unreachable),none,not in box1/3/4 reports,,unreachable,0
"Lithia/Driveway (incl. Quirk, DCH)",Driveway Subaru Of Moon Township,https://drivewaysubarumoon.com,PA,Subaru,subaru-driveway-subaru-of-moon-township,yes,,,undetected (blocked/unreachable),none,not in box1/3/4 reports,,unreachable,0
"Lithia/Driveway (incl. Quirk, DCH)",Lithia Hyundai Of Odessa,https://hyundaiofodessa.com,TX,Hyundai,,yes,,,DealerOn,homepage html,not in box1/3/4 reports,,pass,200
"Lithia/Driveway (incl. Quirk, DCH)",Lithia Toyota Of Abilene,https://toyotaabilene.com,TX,Toyota,,yes,,,DealerOn,homepage html,not in box1/3/4 reports,,pass,200
"Lithia/Driveway (incl. Quirk, DCH)",Lithia Toyota Of Odessa,https://odessatoyota.com,TX,Toyota,,yes,,,DealerOn,homepage html,not in box1/3/4 reports,,pass,200
Open Road (NJ),Open Road Acura Of East Brunswick,https://openroadacuraofeastbrunswick.com,NJ,Acura,,yes,,,undetected (blocked/unreachable),none,not in box1/3/4 reports,,pass,200
Open Road (NJ),Open Road Acura Of Wayne,https://openroadacuraofwayne.com,NJ,Acura,,yes,,,undetected (blocked/unreachable),none,not in box1/3/4 reports,,pass,200
Open Road (NJ),Open Road Mazda,https://openroadmazdaofeastbrunswick.com,NJ,Mazda,,yes,,,DealerOn,homepage html,not in box1/3/4 reports,,pass,200
Open Road (NJ),Open Road Mazda Of Morristown,https://openroadmazdaofmorristown.com,NJ,Mazda,,yes,,,DealerOn,homepage html,not in box1/3/4 reports,,pass,200
Open Road (NJ),Open Road Of Bridgewater,https://openroadmercedesbenz.com,NJ,Mercedes-Benz,,yes,,,DealerOn,homepage html,not in box1/3/4 reports,,pass,200
Open Road (NJ),Open Road Subaru,https://openroadsubaru.com,NJ,Subaru,,yes,,,DealerOn,homepage html,not in box1/3/4 reports,,pass,200
Open Road (NJ),Open Road Volkswagen Of Bridgewater,https://openroadvwbridgewater.com,NJ,Volkswagen,,yes,,,DealerOn,homepage html,not in box1/3/4 reports,,pass,200
Penske Automotive,"Mazda Of Escondido,A Penske Automotive Dealer",https://mazdaofescondido.com,CA,Mazda,,yes,,,undetected (blocked/unreachable),none,not in box1/3/4 reports,,CLOUDFLARE(403),403
Penske Automotive,Penske Toyota,https://pensketoyotadowney.com,CA,Toyota,,yes,,,DealerOn,homepage html,not in box1/3/4 reports,,pass,200
Ray Catena,Mercedes-Benz Of Edison,https://raycatenaedison.com,NJ,Mercedes-Benz,mercedes-benz-mercedes-benz-of-edison,yes,,,undetected (blocked/unreachable),none,CLOUDFLARE,Cloudflare,CLOUDFLARE(403),403
Ray Catena,Mercedes-Benz Of Union,https://raycatenaunion.com,NJ,Mercedes-Benz,mercedes-benz-mercedes-benz-of-union,yes,,,undetected (blocked/unreachable),none,CLOUDFLARE,Cloudflare,CLOUDFLARE(403),403
Ray Catena,Ray Catena Lexus Of Freehold,https://lexusoffreehold.com,NJ,Lexus,lexus-ray-catena-lexus-of-freehold,yes,,,undetected (blocked/unreachable),none,CLOUDFLARE,Cloudflare,CLOUDFLARE(403),403
Ray Catena,Ray Catena Lexus Of Monmouth,https://raycatenalexusmonmouth.com,NJ,Lexus,lexus-ray-catena-lexus-of-monmouth,yes,,,undetected (blocked/unreachable),none,CLOUDFLARE,Cloudflare,CLOUDFLARE(403),403
Ray Catena,Ray Catena Of Freehold,https://raycatenafreehold.com,NJ,Mercedes-Benz,mercedes-benz-ray-catena-of-freehold,yes,,,undetected (blocked/unreachable),none,CLOUDFLARE,Cloudflare,CLOUDFLARE(403),403
Ray Catena,Ray Catena Porsche,https://raycatenaporsche.com,NJ,Porsche,ray-catena-porsche,yes,,,undetected (blocked/unreachable),none,CLOUDFLARE,Cloudflare,unreachable,0
Ray Catena,Ray Catena Lexus,https://raycatenalexus.com,NY,Lexus,lexus-ray-catena-lexus,yes,,,undetected (blocked/unreachable),none,CLOUDFLARE,Cloudflare,CLOUDFLARE(403),403
Ray Catena,Ray Catena Lexus Of White Plains,https://raycatenalexusofwhiteplains.com,NY,Lexus,lexus-ray-catena-lexus-of-white-plains,yes,,,undetected (blocked/unreachable),none,CLOUDFLARE,Cloudflare,CLOUDFLARE(403),403
