state,brand,dealer,city,box,nights_oct3_to_oct7,consecutive_bad_nights,last_night_result,suggested_action,retry_worthwhile,cars_last_good_crawl,cars_basis,est_cars
NY,Audi,Audi of Huntington,"Huntington Station, NY",box1,ok skipnb:HTTP_5XX skipnb:HTTP_5XX nourls skipnb:HTTP_5XX,4,skipped: HTTP_5XX,retry (transient),yes,335,"our shard (active rows, last good crawl)",335
NJ,Audi,Bell Audi,"Edison, NJ",box4,skipnb:HTTP_5XX skipnb:HTTP_5XX skipnb:HTTP_5XX skipnb:HTTP_5XX skipnb:HTTP_5XX,5,skipped: HTTP_5XX,retry (transient),yes,298,"our shard (active rows, last good crawl)",298
NJ,Audi,Audi Millburn,"Maplewood, NJ",box4,skipnb:HTTP_5XX skipnb:HTTP_5XX skipnb:HTTP_5XX skipnb:HTTP_5XX skipnb:HTTP_5XX,5,skipped: HTTP_5XX,retry (transient),yes,288,"our shard (active rows, last good crawl)",288
AZ,Audi,Audi Arrowhead,"Peoria, AZ",box1,skipnb:HTTP_5XX skipnb:HTTP_5XX skipnb:HTTP_5XX skipnb:HTTP_5XX skipnb:HTTP_5XX,5,skipped: HTTP_5XX,retry (transient),yes,,none on boxes 1/3/4; brand median 230,230
AZ,Audi,Audi Gilbert,"Gilbert, AZ",box1,skipnb:HTTP_5XX skipnb:HTTP_5XX skipnb:HTTP_5XX skipnb:HTTP_5XX skipnb:HTTP_5XX,5,skipped: HTTP_5XX,retry (transient),yes,,none on boxes 1/3/4; brand median 230,230
AZ,Audi,Audi Tucson,"Tucson, AZ",box1,skipnb:HTTP_5XX skipnb:HTTP_5XX skipnb:HTTP_5XX skipnb:HTTP_5XX skipnb:HTTP_5XX,5,skipped: HTTP_5XX,retry (transient),yes,,none on boxes 1/3/4; brand median 230,230
CT,Audi,Audi Danbury,"Danbury, CT",box1,skipnb:HTTP_5XX skipnb:HTTP_5XX skipnb:HTTP_5XX skipnb:HTTP_5XX skipnb:HTTP_5XX,5,skipped: HTTP_5XX,retry (transient),yes,,none on boxes 1/3/4; brand median 230,230
CT,Audi,Audi Greenwich,"Greenwich, CT",box1,skipnb:HTTP_5XX skipnb:HTTP_5XX skipnb:HTTP_5XX skipnb:HTTP_5XX skipnb:HTTP_5XX,5,skipped: HTTP_5XX,retry (transient),yes,,none on boxes 1/3/4; brand median 230,230
CT,Audi,Audi of Wallingford,"Wallingford, CT",box1,skipnb:HTTP_5XX skipnb:HTTP_5XX skipnb:HTTP_5XX skipnb:HTTP_5XX skipnb:HTTP_5XX,5,skipped: HTTP_5XX,retry (transient),yes,,none on boxes 1/3/4; brand median 230,230
CT,Audi,Hoffman Audi,"East Hartford, CT",box1,skipnb:HTTP_5XX skipnb:HTTP_5XX skipnb:HTTP_5XX skipnb:HTTP_5XX skipnb:HTTP_5XX,5,skipped: HTTP_5XX,retry (transient),yes,,none on boxes 1/3/4; brand median 230,230
NY,Audi,Audi Albany,"Latham, NY",box1,skipnb:HTTP_5XX skipnb:HTTP_5XX skipnb:HTTP_5XX skipnb:HTTP_5XX skipnb:HTTP_5XX,5,skipped: HTTP_5XX,retry (transient),yes,,none on boxes 1/3/4; brand median 230,230
NY,Audi,Audi Brooklyn,"Brooklyn, NY",box1,skipnb:HTTP_5XX skipnb:HTTP_5XX skipnb:HTTP_5XX skipnb:HTTP_5XX skipnb:HTTP_5XX,5,skipped: HTTP_5XX,retry (transient),yes,,none on boxes 1/3/4; brand median 230,230
NY,Audi,Audi Buffalo,"Bowmansville, NY",box1,skipnb:HTTP_5XX skipnb:HTTP_5XX skipnb:HTTP_5XX skipnb:HTTP_5XX skipnb:HTTP_5XX,5,skipped: HTTP_5XX,retry (transient),yes,,none on boxes 1/3/4; brand median 230,230
NY,Audi,Audi Cicero,"Cicero, NY",box1,skipnb:HTTP_5XX skipnb:HTTP_5XX skipnb:HTTP_5XX skipnb:HTTP_5XX skipnb:HTTP_5XX,5,skipped: HTTP_5XX,retry (transient),yes,,none on boxes 1/3/4; brand median 230,230
NY,Audi,Audi Great Neck,"Great Neck, NY",box1,skipnb:HTTP_5XX skipnb:HTTP_5XX skipnb:HTTP_5XX skipnb:HTTP_5XX skipnb:HTTP_5XX,5,skipped: HTTP_5XX,retry (transient),yes,,none on boxes 1/3/4; brand median 230,230
OH,Audi,Audi Cincinnati East,"Cincinnati, OH",box1,skipnb:HTTP_5XX skipnb:HTTP_5XX skipnb:HTTP_5XX skipnb:HTTP_5XX skipnb:HTTP_5XX,5,skipped: HTTP_5XX,retry (transient),yes,,none on boxes 1/3/4; brand median 230,230
OH,Audi,Audi Columbus,"Columbus, OH",box1,skipnb:HTTP_5XX skipnb:HTTP_5XX skipnb:HTTP_5XX skipnb:HTTP_5XX skipnb:HTTP_5XX,5,skipped: HTTP_5XX,retry (transient),yes,,none on boxes 1/3/4; brand median 230,230
OH,Audi,Audi Cuyahoga Falls,"Cuyahoga Falls, OH",box1,skipnb:HTTP_5XX skipnb:HTTP_5XX skipnb:HTTP_5XX skipnb:HTTP_5XX skipnb:HTTP_5XX,5,skipped: HTTP_5XX,retry (transient),yes,,none on boxes 1/3/4; brand median 230,230
OH,Audi,The Audi Connection,"Cincinnati, OH",box1,skipnb:HTTP_5XX skipnb:HTTP_5XX skipnb:HTTP_5XX skipnb:HTTP_5XX skipnb:HTTP_5XX,5,skipped: HTTP_5XX,retry (transient),yes,,none on boxes 1/3/4; brand median 230,230
VA,Audi,Audi Arlington,"Arlington, VA",box1,skipnb:HTTP_5XX skipnb:HTTP_5XX skipnb:HTTP_5XX skipnb:HTTP_5XX skipnb:HTTP_5XX,5,skipped: HTTP_5XX,retry (transient),yes,,none on boxes 1/3/4; brand median 230,230
VA,Audi,Audi Charlottesville,"Charlottesville, VA",box1,skipnb:HTTP_5XX skipnb:HTTP_5XX skipnb:HTTP_5XX skipnb:HTTP_5XX skipnb:HTTP_5XX,5,skipped: HTTP_5XX,retry (transient),yes,,none on boxes 1/3/4; brand median 230,230
VA,Audi,Audi Hampton,"Hampton, VA",box1,skipnb:HTTP_5XX skipnb:HTTP_5XX skipnb:HTTP_5XX skipnb:HTTP_5XX skipnb:HTTP_5XX,5,skipped: HTTP_5XX,retry (transient),yes,,none on boxes 1/3/4; brand median 230,230
VA,Audi,Audi Richmond,"Richmond, VA",box1,skipnb:HTTP_5XX skipnb:HTTP_5XX skipnb:HTTP_5XX skipnb:HTTP_5XX skipnb:HTTP_5XX,5,skipped: HTTP_5XX,retry (transient),yes,,none on boxes 1/3/4; brand median 230,230
MA,Audi,Audi Brookline,"Brookline, MA",box3,skipnb:HTTP_5XX - skipnb:HTTP_5XX - skipnb:HTTP_5XX,3,skipped: HTTP_5XX,retry (transient),yes,,none on boxes 1/3/4; brand median 230,230
MA,Audi,Audi Burlington,"Burlington, MA",box3,skipnb:HTTP_5XX - skipnb:HTTP_5XX - skipnb:HTTP_5XX,3,skipped: HTTP_5XX,retry (transient),yes,,none on boxes 1/3/4; brand median 230,230
MA,Audi,Audi Cape Cod,"Hyannis, MA",box3,skipnb:HTTP_5XX - skipnb:HTTP_5XX - skipnb:HTTP_5XX,3,skipped: HTTP_5XX,retry (transient),yes,,none on boxes 1/3/4; brand median 230,230
MA,Audi,Audi Fall River,"Fall River, MA",box3,skipnb:HTTP_5XX - skipnb:HTTP_5XX - skipnb:HTTP_5XX,3,skipped: HTTP_5XX,retry (transient),yes,,none on boxes 1/3/4; brand median 230,230
MA,Audi,Audi Lenox,"Lenox, MA",box3,skipnb:HTTP_5XX - skipnb:HTTP_5XX - skipnb:HTTP_5XX,3,skipped: HTTP_5XX,retry (transient),yes,,none on boxes 1/3/4; brand median 230,230
MA,Audi,Audi West Springfield,"West Springfield, MA",box3,skipnb:HTTP_5XX - skipnb:HTTP_5XX - skipnb:HTTP_5XX,3,skipped: HTTP_5XX,retry (transient),yes,,none on boxes 1/3/4; brand median 230,230
MA,Audi,Audi Westwood,"Westwood, MA",box3,skipnb:HTTP_5XX - skipnb:HTTP_5XX - skipnb:HTTP_5XX,3,skipped: HTTP_5XX,retry (transient),yes,,none on boxes 1/3/4; brand median 230,230
SC,Audi,Audi Charleston – Charleston #1,"Charleston, SC",box3,skipnb:HTTP_5XX skipnb:HTTP_5XX skipnb:HTTP_5XX skipnb:HTTP_5XX skipnb:HTTP_5XX,5,skipped: HTTP_5XX,retry (transient),yes,,none on boxes 1/3/4; brand median 230,230
SC,Audi,Audi Greenville – Greenville #2,"Greenville, SC",box3,skipnb:HTTP_5XX skipnb:HTTP_5XX skipnb:HTTP_5XX skipnb:HTTP_5XX skipnb:HTTP_5XX,5,skipped: HTTP_5XX,retry (transient),yes,,none on boxes 1/3/4; brand median 230,230
SC,Audi,Audi Hilton Head,"Hardeeville, SC",box3,skipnb:HTTP_5XX skipnb:HTTP_5XX skipnb:HTTP_5XX skipnb:HTTP_5XX skipnb:HTTP_5XX,5,skipped: HTTP_5XX,retry (transient),yes,,none on boxes 1/3/4; brand median 230,230
NJ,Audi,Audi Bridgewater,"Bridgewater, NJ",box4,skipnb:HTTP_5XX skipnb:HTTP_5XX skipnb:HTTP_5XX skipnb:HTTP_5XX skipnb:HTTP_5XX,5,skipped: HTTP_5XX,retry (transient),yes,,none on boxes 1/3/4; brand median 230,230
NJ,Audi,Audi Cherry Hill,"Cherry Hill, NJ",box4,skipnb:HTTP_5XX skipnb:HTTP_5XX skipnb:HTTP_5XX skipnb:HTTP_5XX skipnb:HTTP_5XX,5,skipped: HTTP_5XX,retry (transient),yes,,none on boxes 1/3/4; brand median 230,230
NJ,Audi,Audi Englewood,"Englewood, NJ",box4,skipnb:HTTP_5XX skipnb:HTTP_5XX skipnb:HTTP_5XX skipnb:HTTP_5XX skipnb:HTTP_5XX,5,skipped: HTTP_5XX,retry (transient),yes,,none on boxes 1/3/4; brand median 230,230
NJ,Audi,Audi Flemington,"Flemington, NJ",box4,skipnb:HTTP_5XX skipnb:HTTP_5XX skipnb:HTTP_5XX skipnb:HTTP_5XX skipnb:HTTP_5XX,5,skipped: HTTP_5XX,retry (transient),yes,,none on boxes 1/3/4; brand median 230,230
NJ,Audi,Audi Meadowlands,"Secaucus, NJ",box4,skipnb:HTTP_5XX skipnb:HTTP_5XX skipnb:HTTP_5XX skipnb:HTTP_5XX skipnb:HTTP_5XX,5,skipped: HTTP_5XX,retry (transient),yes,,none on boxes 1/3/4; brand median 230,230
OH,Audi,Audi Dayton,"Dayton, OH",box1,skipnb:HTTP_5XX skipnb:HTTP_5XX skipnb:HTTP_5XX ok skipnb:HTTP_5XX,3,skipped: HTTP_5XX,retry (transient),yes,228,"our shard (active rows, last good crawl)",228
NY,Mercedes-Benz,"Helms Bros., Inc.","Bayside, NY",box1,skipnb:TIMEOUT skipnb:TIMEOUT skipnb:TIMEOUT skipnb:TIMEOUT skipnb:TIMEOUT,5,skipped: TIMEOUT,retry (transient),yes,,none on boxes 1/3/4; brand median 224,224
NY,Mercedes-Benz,Mercedes-Benz of Orange County,"Harriman, NY",box1,skipnb:TIMEOUT skipnb:TIMEOUT skipnb:TIMEOUT skipnb:TIMEOUT skipnb:TIMEOUT,5,skipped: TIMEOUT,retry (transient),yes,,none on boxes 1/3/4; brand median 224,224
OH,Mercedes-Benz,Mercedes-Benz of Centerville,"Centerville, OH",box1,skipnb:TIMEOUT skipnb:TIMEOUT skipnb:TIMEOUT skipnb:TIMEOUT skipnb:TIMEOUT,5,skipped: TIMEOUT,retry (transient),yes,,none on boxes 1/3/4; brand median 224,224
VA,Mercedes-Benz,Mercedes-Benz of Lynchburg,"Lynchburg, VA",box1,skipnb:TLS skipnb:TLS skipnb:TLS skipnb:TLS skipnb:TLS,5,skipped: TLS,"check cert/www, then retry",yes,,none on boxes 1/3/4; brand median 224,224
MA,Mercedes-Benz,Mercedes-Benz of Burlington,"Burlington, MA",box3,skipnb:TLS skipnb:TLS skipnb:TLS skipnb:TLS skipnb:TLS,5,skipped: TLS,"check cert/www, then retry",yes,,none on boxes 1/3/4; brand median 224,224
IL,Mercedes-Benz,Isringhausen Imports,"Springfield, IL",box4,skipnb:CONN_RESET skipnb:CONN_RESET skipnb:CONN_RESET skipnb:CONN_RESET skipnb:CONN_RESET,5,skipped: CONN_RESET,retry (transient),yes,,none on boxes 1/3/4; brand median 224,224
NJ,Mercedes-Benz,Mercedes-Benz of Atlantic City,"Egg Harbor Township, NJ",box4,skipnb:TLS skipnb:TLS skipnb:TLS skipnb:TLS skipnb:TLS,5,skipped: TLS,"check cert/www, then retry",yes,,none on boxes 1/3/4; brand median 224,224
IL,Kia,Shottenkirk Kia of Quincy,"Quincy, IL",box4,skipnb:CONN_RESET skipnb:CONN_RESET skipnb:CONN_RESET skipnb:CONN_RESET skipnb:CONN_RESET,5,skipped: CONN_RESET,retry (transient),yes,,none on boxes 1/3/4; brand median 190,190
IA,Nissan,WILLIS NISSAN,"DES MOINES, IA",box1,skipnb:TIMEOUT skipnb:TIMEOUT skipnb:TIMEOUT skipnb:TIMEOUT skipnb:TIMEOUT,5,skipped: TIMEOUT,retry (transient),yes,,none on boxes 1/3/4; brand median 189,189
SC,Nissan,MIRACLE NISSAN OF NORTH AUGUSTA,"BEECH ISLAND, SC",box3,skipnb:TIMEOUT skipnb:TIMEOUT skipnb:TIMEOUT skipnb:TIMEOUT skipnb:TIMEOUT,5,skipped: TIMEOUT,retry (transient),yes,,none on boxes 1/3/4; brand median 189,189
CT,Honda,Honda of Stamford,"Stamford, CT",box1,skipnb:TLS skipnb:TLS skipnb:TLS skipnb:TLS skipnb:TLS,5,skipped: TLS,"check cert/www, then retry",yes,,none on boxes 1/3/4; brand median 182,182
AR,Honda,Floyd Traylor Honda,"Fort Smith, AR",box3,skipnb:TIMEOUT skipnb:TIMEOUT skipnb:TIMEOUT skipnb:TIMEOUT skipnb:TIMEOUT,5,skipped: TIMEOUT,retry (transient),yes,,none on boxes 1/3/4; brand median 182,182
NY,Audi,Audi Mohegan Lake,"Mohegan Lake, NY",box1,skipnb:HTTP_5XX ok skipnb:HTTP_5XX skipnb:HTTP_5XX skipnb:HTTP_5XX,3,skipped: HTTP_5XX,retry (transient),yes,171,"our shard (active rows, last good crawl)",171
IL,Infiniti,INFINITI OF CHICAGO,"CHICAGO, IL",box4,skipnb:TLS skipnb:TLS skipnb:TLS skipnb:TLS skipnb:TLS,5,skipped: TLS,"check cert/www, then retry",yes,,none on boxes 1/3/4; brand median 112,112
NY,Porsche,Porsche Albany,"Latham, NY",box1,skipnb:CONN_RESET skipnb:CONN_RESET skipnb:CONN_RESET skipnb:CONN_RESET skipnb:CONN_RESET,5,skipped: CONN_RESET,retry (transient),yes,,none on boxes 1/3/4; brand median 110,110
FL,Porsche,Porsche Clearwater,"Clearwater, FL",box4,skipnb:CONN_RESET skipnb:CONN_RESET skipnb:CONN_RESET skipnb:CONN_RESET skipnb:CONN_RESET,5,skipped: CONN_RESET,retry (transient),yes,,none on boxes 1/3/4; brand median 110,110
FL,Porsche,Porsche North Miami,"North Miami, FL",box4,skipnb:CONN_RESET skipnb:CONN_RESET skipnb:CONN_RESET skipnb:CONN_RESET skipnb:CONN_RESET,5,skipped: CONN_RESET,retry (transient),yes,,none on boxes 1/3/4; brand median 110,110
FL,Porsche,Porsche Ocala,"Ocala, FL",box4,skipnb:CONN_RESET skipnb:CONN_RESET skipnb:CONN_RESET skipnb:CONN_RESET skipnb:CONN_RESET,5,skipped: CONN_RESET,retry (transient),yes,,none on boxes 1/3/4; brand median 110,110
FL,Porsche,Porsche Pensacola,"Pensacola, FL",box4,skipnb:CONN_RESET skipnb:CONN_RESET skipnb:CONN_RESET skipnb:CONN_RESET skipnb:CONN_RESET,5,skipped: CONN_RESET,retry (transient),yes,,none on boxes 1/3/4; brand median 110,110
FL,Porsche,Porsche Sarasota,"Sarasota, FL",box4,skipnb:CONN_RESET skipnb:CONN_RESET skipnb:CONN_RESET skipnb:CONN_RESET skipnb:CONN_RESET,5,skipped: CONN_RESET,retry (transient),yes,,none on boxes 1/3/4; brand median 110,110
IL,Porsche,Porsche Naperville,"Naperville, IL",box4,skipnb:TLS skipnb:TLS skipnb:TLS skipnb:TLS skipnb:TLS,5,skipped: TLS,"check cert/www, then retry",yes,,none on boxes 1/3/4; brand median 110,110
CT,Audi,Hoffman Audi of New London,"New London, CT",box1,nourls nourls nourls ok skipnb:HTTP_5XX,3,skipped: HTTP_5XX,retry (transient),yes,106,"our shard (active rows, last good crawl)",106
VA,Audi,Audi Roanoke,"Roanoke, VA",box1,ok zero skipnb:HTTP_5XX skipnb:HTTP_5XX skipnb:HTTP_5XX,4,skipped: HTTP_5XX,retry (transient),yes,63,"our shard (active rows, last good crawl)",63
