dealer_id,dealer,box,state,live,last_seen,makes
11249,Mercedes-Benz of Coconut Creek,box2,FL,2887,2026-10-03 07:39:36,Mercedes-Benz
11784,Jenkins Hyundai Of Jacksonville,box2,FL,1816,2026-10-03 07:50:34,Hyundai
12087,Mcgovern Hyundai Of Concord,box1,NH,1401,2026-10-03 14:14:12,Hyundai
12483,Crain Kia of Fort Smith,box2,AR,1246,2026-10-03 08:28:40,Kia
11953,Mcgovern Hyundai Route 93,box2,MA,1230,2026-10-03 07:56:35,Hyundai
3902,Dave Smith Motors,box4,ID,1000,2026-10-03 11:19:02,Chrysler/Dodge/Jeep/Ram
12243,Fred Beans Hyundai Of Mechanicsburg,box1,PA,978,2026-10-03 14:20:08,Hyundai
7513,Johnson Lexus of Raleigh,box1,NC,940,2026-10-03 14:01:38,Lexus
17206,BERMAN NISSAN OF CHICAGO,box4,IL,864,2026-09-30 11:55:35,Acura/Audi/BMW/Buick/Cadillac/Chevrolet/Chrysler/Dodge/Ford/Genesis/GMC/Honda/Hyundai/INFINITI/Jeep/Kia/Land Rover/Lexus/Lincoln/Mazda/Mercedes-Benz/MINI/Mitsubishi/Nissan/Porsche/RAM/Subaru/Tesla/Toyota/Volkswagen/Volvo
12094,Fred Beans Hyundai Of Flemington,box2,NJ,855,2026-10-03 08:04:29,Hyundai
11758,Coconut Creek Hyundai,box2,FL,849,2026-10-03 07:50:03,Hyundai
11849,Auffenberg Hyundai,box2,IL,797,2026-10-03 07:53:24,Hyundai
17163,NISSAN OF MARIETTA,box1,GA,758,2026-10-03 14:52:12,Nissan
12108,Towne Hyundai Of Hackettstown,box2,NJ,755,2026-10-03 08:04:56,Hyundai
11628,Crain Hyundai Of Fort Smith,box2,AR,742,2026-10-03 07:42:44,Hyundai
12413,Seattle Hyundai,box2,WA,639,2026-10-03 08:25:38,Hyundai
7160,Larry H. Miller American Toyota Albuquerque,box2,NM,589,2026-10-03 07:24:57,Toyota
12084,Key Hyundai/salem Hyundai,box1,NH,589,2026-10-03 14:14:07,Hyundai
7585,Lexus Escondido,box1,CA,582,2026-10-03 14:01:51,Lexus
12629,Kia of Cape Coral,box2,FL,579,2026-10-03 08:30:40,Kia
12021,Mccarthy Hyundai,box1,MO,561,2026-10-03 14:13:45,Hyundai
11856,Elgin Hyundai,box2,IL,555,2026-10-03 07:53:42,Hyundai
13768,W & L Subaru,box1,PA,544,2026-10-03 14:31:38,Subaru
7310,Vancouver Toyota,box2,WA,533,2026-10-03 07:29:24,Toyota
6973,Rusty Drewing Toyota,box1,MO,532,2026-10-03 13:55:55,Toyota
8118,American Chevrolet,box4,CA,528,2026-09-30 17:31:39,Acura/BMW/Buick/Cadillac/Chevrolet/Chrysler/Dodge/Ford/GMC/HARLEY DAVIDSON/Honda/Hyundai/INFINITI/Jeep/KARAV/Kia/Lexus/Mercedes-Benz/Mitsubishi/Nissan/RAM/Subaru/Tesla/Toyota/Volkswagen
13891,Subaru City of Milwaukee,box1,WI,514,2026-10-03 14:32:43,Subaru
12761,All Star Kia of Baton Rouge,box2,LA,500,2026-10-03 08:33:37,Kia
12031,Hallmark Hyundai North,box2,MS,499,2026-10-03 08:01:56,Hyundai
12103,Maxon Hyundai,box2,NJ,498,2026-10-03 08:04:51,Hyundai
7573,Lexus of Bellevue,box2,WA,483,2026-10-03 07:31:10,Lexus
17722,GRAND STRAND NISSAN,box3,SC,483,2026-10-06 12:12:37,Acura/Audi/BMW/Buick/Cadillac/Chevrolet/Chrysler/Dodge/Ford/Genesis/GMC/Honda/Hyundai/Jeep/Kia/LEXUS/Lincoln/Mazda/Mercedes-Benz/Mitsubishi/Nissan/Porsche/Ram/Scion/Subaru/Toyota/Volkswagen/Volvo
3112,Buckeye Chrysler Jeep Dodge Ram FIAT of Shelby,box3,OH,479,2026-10-06 10:40:19,Chrysler/Dodge/Jeep/Ram
12681,Billion Kia of Iowa City,box2,IA,473,2026-10-03 08:33:09,Kia
11772,Holler Hyundai,box2,FL,467,2026-10-03 07:50:15,Hyundai
13225,Go Kia Tacoma,box2,WA,464,2026-10-03 08:37:36,Kia
7133,Karl Malone Toyota,box2,UT,463,2026-10-03 07:24:17,Toyota
12833,Summit Place Kia,box2,MI,463,2026-10-03 08:34:22,Kia
7326,Heartland Toyota,box2,WA,461,2026-10-03 07:29:45,Toyota
11370,Mercedes-Benz of Creve Coeur,box1,MO,458,2026-10-03 14:05:57,Mercedes-Benz
14167,BOMMARITO MAZDA ST. PETERS,box1,MO,458,2026-10-03 14:34:46,Mazda
6884,Wilde Toyota,box1,WI,457,2026-10-03 13:55:18,Toyota
12448,Rick Case Hyundai,box2,FL,457,2026-10-03 08:26:34,Hyundai
12827,Lafontaine Kia,box2,MI,457,2026-10-03 08:34:22,Kia
629,"Mt. Orab Ford, Inc.",box3,OH,447,2026-09-29 02:37:16,Ford
12432,Van Horn Hyundai Fond Du Lac,box1,WI,447,2026-10-03 14:22:18,Hyundai
12096,Global Hyundai Of North Plainfield,box2,NJ,441,2026-10-03 08:04:38,Hyundai
13271,Subaru of Little Rock,box2,AR,440,2026-10-03 08:38:09,Subaru
12771,Sterling Kia,box2,LA,439,2026-10-03 08:33:44,Kia
13270,Adventure Subaru,box2,AR,429,2026-10-03 08:38:08,Subaru
11921,Kerry Hyundai Of Florence,box2,KY,420,2026-10-03 07:55:31,Hyundai
8445,Peterson Chevrolet Buick Cadillac,box4,ID,417,2026-10-03 12:02:19,Buick/Chevrolet
7199,Envision Toyota of West Covina,box1,CA,416,2026-10-03 13:59:02,Toyota
12080,Autofair Hyundai,box1,NH,416,2026-10-03 14:14:02,Hyundai
12095,Freehold Hyundai,box2,NJ,416,2026-10-03 08:04:34,Hyundai
11799,Wallace Hyundai Of Fort Pierce,box2,FL,408,2026-10-03 07:50:45,Hyundai
11861,Green Hyundai,box2,IL,399,2026-10-03 07:53:42,Hyundai
11944,Gary Rome Hyundai,box2,MA,399,2026-10-03 07:56:11,Hyundai
6762,Kerry Toyota,box2,KY,398,2026-10-03 07:17:15,Toyota
6897,East Madison Toyota,box1,WI,395,2026-10-03 13:55:24,Toyota
11538,Mercedes-Benz of Bellevue,box2,WA,391,2026-10-03 07:41:36,Mercedes-Benz
7136,Orem Toyota,box2,UT,387,2026-10-03 07:24:18,Toyota
1824,Honolulu Ford,box3,HI,386,2026-10-03 16:21:09,Ford
14901,Audi North Orlando,box1-recovery,FL,384,2026-10-04 17:37:55,Audi
1825,"Cutter Ford, Inc.",box3,HI,383,2026-10-03 16:21:12,Ford
14155,SUBURBAN MAZDA OF TROY,box1,MI,381,2026-10-03 14:34:21,Mazda
11761,Crown Hyundai,box2,FL,378,2026-10-03 07:50:08,Hyundai
11762,Daytona Hyundai,box2,FL,372,2026-10-03 07:50:08,Hyundai
5266,Plaza Honda,box1,NY,371,2026-10-05 07:33:03,Honda
12025,Reliable Hyundai,box1,MO,371,2026-10-03 14:13:48,Hyundai
12597,Selbyville Holly Kia,box2,DE,371,2026-10-03 08:29:52,Kia
6880,Corwin Toyota of Bellevue,box1,NE,367,2026-10-03 13:55:12,Toyota
13877,Subaru of Spokane,box2,WA,367,2026-10-03 08:47:01,Subaru
13520,Fox Subaru,box1,MI,364,2026-10-03 14:28:05,Subaru
12081,Granite Hyundai,box1,NH,362,2026-10-03 14:14:04,Hyundai
12403,Go Hyundai Of Renton,box2,WA,361,2026-10-03 08:25:24,Hyundai
13528,Subaru of Ann Arbor,box1,MI,358,2026-10-03 14:28:08,Subaru
13890,Sommer's Subaru,box1,WI,356,2026-10-03 14:32:42,Subaru
12099,Hyundai Of Turnersville,box2,NJ,352,2026-10-03 08:04:42,Hyundai
13525,My Lakeshore Subaru,box1,MI,348,2026-10-03 14:28:07,Subaru
7131,Larry H. Miller Toyota Murray,box2,UT,346,2026-10-03 07:24:14,Toyota
12277,Myrtle Beach Hyundai,box2,SC,346,2026-10-03 08:12:13,Hyundai
11877,Napletons Valley Hyundai,box2,IL,344,2026-10-03 07:54:02,Hyundai
10247,Dillon GMC,box4,ID,342,2026-10-03 12:20:37,GMC
13233,Sunset Kia,box2,WA,340,2026-10-03 08:37:38,Kia
12019,Hyundai Of Jefferson City,box1,MO,338,2026-10-03 14:13:44,Hyundai
12100,Lester Glenn Hyundai,box2,NJ,338,2026-10-03 08:04:46,Hyundai
6146,Herb Chambers Honda,box3,MA,336,2026-10-06 11:10:57,Honda
7324,Toyota of Puyallup,box2,WA,335,2026-10-03 07:29:44,Toyota
7471,Mungenast Lexus of St. Louis,box1,MO,334,2026-10-03 14:01:28,Lexus
11789,Lakeland Hyundai,box2,FL,334,2026-10-03 07:50:39,Hyundai
13551,Sunset Hills Subaru,box1,MO,334,2026-10-03 14:28:24,Subaru
12405,Hyundai Of Kirkland,box2,WA,333,2026-10-03 08:25:30,Hyundai
9611,Hall Chevrolet GMC,box3,TX,331,2026-09-29 15:56:22,BMW/Buick/Cadillac/Chevrolet/Ford/GMC/Hyundai/Jeep/Lexus/Mazda/Mercedes-Benz/Mitsubishi/Nissan/RAM/Subaru/Toyota
12092,Circle Hyundai,box2,NJ,330,2026-10-03 08:04:20,Hyundai
12857,Kia of Columbia,box1,MO,328,2026-10-03 14:23:38,Kia
7257,Envision Toyota of Milpitas,box1,CA,325,2026-10-03 13:59:44,Toyota
12844,Kia of St. Cloud,box2,MN,323,2026-10-03 08:34:27,Kia
6882,Village Pointe Toyota,box1,NE,322,2026-10-03 13:55:12,Toyota
12102,Lynnes Hyundai Llc,box2,NJ,322,2026-10-03 08:04:49,Hyundai
12410,Lee Johnson Hyundai Of Everett,box2,WA,318,2026-10-03 08:25:34,Hyundai
6883,Toyota of Brookfield,box1,WI,311,2026-10-03 13:55:15,Toyota
11881,Patriot Hyundai Of Tilton,box2,IL,308,2026-10-03 07:54:08,Hyundai
11787,Key Hyundai,box2,FL,307,2026-10-03 07:50:34,Hyundai
12097,Hudson Hyundai,box2,NJ,306,2026-10-03 08:04:42,Hyundai
11801,West Palm Beach Hyundai,box2,FL,304,2026-10-03 07:50:48,Hyundai
13892,Wilde Subaru,box1,WI,304,2026-10-03 14:32:43,Subaru
7576,Lexus of Tacoma at Fife,box2,WA,303,2026-10-03 07:31:11,Lexus
12037,Matt Bowers Hyundai-gulfport,box2,MS,300,2026-10-03 08:01:58,Hyundai
12101,Liberty Hyundai,box2,NJ,299,2026-10-03 08:04:49,Hyundai
3830,Larry H. Miller Chrysler Jeep Dodge Ram Boise,box4,ID,294,2026-10-03 11:17:31,Chrysler/Dodge/Jeep/Ram
1907,Mike White Ford of Coeur d'Alene,box4,ID,292,2026-10-03 10:46:04,Ford
8457,Knudtsen Chevrolet Co LLC,box4,ID,292,2026-10-03 12:02:22,Chevrolet
13876,Subaru of Puyallup,box2,WA,292,2026-10-03 08:46:59,Subaru
7319,Toyota of Kirkland,box2,WA,289,2026-10-03 07:29:42,Toyota
11773,Homestead Hyundai,box2,FL,287,2026-10-03 07:50:18,Hyundai
6896,Kolosso Toyota,box1,WI,284,2026-10-03 13:55:21,Toyota
3823,Savage 61 Chrysler Dodge Jeep Ram,box3,PA,282,2026-10-05 09:37:58,Chevrolet/Chrysler/Dodge/Ford/GMC/Hyundai/Jaguar/Jeep/Kia/Lincoln/Mitsubishi/Ram/Subaru/Toyota/Volkswagen
7139,Findlay Toyota Spokane,box2,WA,281,2026-10-03 07:24:19,Toyota
7186,Envision Toyota of Norwalk,box1,CA,281,2026-10-03 13:58:55,Toyota
7132,Mark Miller Toyota,box2,UT,280,2026-10-03 07:24:15,Toyota
7474,Hendrick Lexus Kansas City North,box1,MO,276,2026-10-03 14:01:28,Lexus
12375,Young Hyundai,box2,UT,274,2026-10-03 08:24:47,Hyundai
11946,Herb Chambers Hyundai Of Auburn,box2,MA,273,2026-10-03 07:56:17,Hyundai
7322,Toyota of Lake City,box2,WA,272,2026-10-03 07:29:43,Toyota
7582,Lexus of Milwaukee,box1,WI,271,2026-10-03 14:01:50,Lexus
7323,Swickard Toyota,box2,WA,267,2026-10-03 07:29:43,Toyota
12022,Napleton Hyundai,box1,MO,265,2026-10-03 14:13:47,Hyundai
12433,Zeigler Hyundai Of Racine,box1,WI,265,2026-10-03 14:22:18,Hyundai
13227,Kia of Puyallup,box2,WA,265,2026-10-03 08:37:37,Kia
3872,Dillon Chrysler Dodge Jeep Ram,box4,ID,264,2026-10-03 11:18:07,Chrysler/Dodge/Jeep/Ram
11373,Mercedes-Benz of Jackson,box2,MS,264,2026-10-03 07:40:16,Mercedes-Benz
11855,Darcy Hyundai,box2,IL,264,2026-10-03 07:53:24,Hyundai
9793,Bruner Auto Group,box3,TX,263,2026-10-01 15:33:44,BMW/Buick/Cadillac/Chevrolet/Dodge/Ford/GMC/Honda/Hyundai/Jeep/Kia/Lexus/Lincoln/Nissan/RAM/Subaru/Toyota/Volkswagen
11790,Napletons North Palm Hyundai,box2,FL,263,2026-10-03 07:50:39,Hyundai
13187,Findlay Kia,box2,UT,262,2026-10-03 08:37:31,Kia
7325,Titus-Will Toyota,box2,WA,261,2026-10-03 07:29:44,Toyota
13823,Mark Miller Subaru,box2,UT,260,2026-10-03 08:46:45,Subaru
2726,Watson Ludington,box3,MI,259,2026-10-04 09:16:57,BMW/Chevrolet/Chrysler/Dodge/Ford/GMC/Honda/Hyundai/Jaguar/Jeep/Kia/Lincoln/Mazda/Mercedes-Benz/Nissan/Ram/Subaru/Volkswagen/Volvo
13824,Mark Miller Subaru South Towne,box2,UT,259,2026-10-03 08:46:47,Subaru
7135,Tony Divino Toyota,box2,UT,258,2026-10-03 07:24:17,Toyota
12276,Hyundai Of North Charleston,box2,SC,256,2026-10-03 08:12:11,Hyundai
11795,Route 60 Hyundai,box2,FL,255,2026-10-03 07:50:43,Hyundai
13251,Van Horn Kia of Sheboygan,box1,WI,255,2026-10-03 14:25:02,Kia
13521,Fox Subaru Macomb,box1,MI,255,2026-10-03 14:28:05,Subaru
8459,Tadd Jenkins Chevrolet,box4,ID,250,2026-10-03 12:02:23,Chevrolet
11958,Route 44 Hyundai,box2,MA,245,2026-10-03 07:56:42,Hyundai
7317,Toyota of Renton,box2,WA,244,2026-10-03 07:29:41,Toyota
13522,Glassman Subaru,box1,MI,244,2026-10-03 14:28:06,Subaru
13872,Michael's Subaru of Bellevue,box2,WA,244,2026-10-03 08:46:58,Subaru
12018,Fletcher Hyundai,box1,MO,243,2026-10-03 14:13:42,Hyundai
13627,Garcia Subaru North,box2,NM,242,2026-10-03 08:43:01,Subaru
6785,Jeff Wyler Toyota of Springfield,box2,OH,240,2026-10-03 07:17:26,Toyota
7161,Toyota of Santa Fe,box2,NM,240,2026-10-03 07:24:57,Toyota
11757,Cocoa Hyundai,box2,FL,239,2026-10-03 07:49:55,Hyundai
14154,SUBURBAN MAZDA OF FARMINGTON H,box1,MI,238,2026-10-03 14:34:21,Mazda
6722,Toyota of Bowling Green,box2,KY,237,2026-10-03 07:16:52,Toyota
14148,FOX MAZDA,box1,MI,237,2026-10-03 14:34:20,Mazda
12115,Larry H Miller Hyundai Albuquerque,box2,NM,236,2026-10-03 08:05:05,Hyundai
3477,Tadd Jenkins Chrysler Dodge Jeep Ram,box4,ID,234,2026-10-03 11:09:36,Chrysler/Dodge/Jeep/Ram
6910,Markquart Toyota,box1,WI,234,2026-10-03 13:55:32,Toyota
7177,DCH Toyota of Torrance,box1,CA,234,2026-10-03 13:58:53,Toyota
14173,NORTHTOWNE MAZDA,box1,MO,234,2026-10-03 14:34:48,Mazda
12271,Fort Mill Hyundai,box2,SC,232,2026-10-03 08:12:06,Hyundai
13243,Metro Kia of Madison,box2,WI,230,2026-10-03 08:37:39,Kia
11780,Hyundai Of Venice,box2,FL,228,2026-10-03 07:50:18,Hyundai
11756,Coastal Hyundai,box2,FL,226,2026-10-03 07:49:55,Hyundai
13427,Twin Falls Subaru,box2,ID,226,2026-10-03 08:40:05,Subaru
13884,Don Miller Subaru East,box1,WI,226,2026-10-03 14:32:38,Subaru
12090,Burns Hyundai,box2,NJ,225,2026-10-03 08:04:20,Hyundai
15852,Piazza Volkswagen of Ardmore,box1,PA,225,2026-10-03 14:46:11,Volkswagen
13524,LaFontaine Subaru,box1,MI,223,2026-10-03 14:28:07,Subaru
13821,Doug Smith Subaru,box2,UT,223,2026-10-03 08:46:45,Subaru
11954,Metrowest Hyundai,box2,MA,222,2026-10-03 07:56:42,Hyundai
3437,Sayer Chrysler Dodge Jeep Ram,box4,ID,221,2026-10-03 11:09:12,Chrysler/Dodge/Jeep/Ram
13867,Eastside Subaru,box2,WA,221,2026-10-03 08:46:57,Subaru
7316,Michael's Toyota of Bellevue,box2,WA,218,2026-10-03 07:29:41,Toyota
13879,Walker's Renton Subaru,box2,WA,217,2026-10-03 08:47:01,Subaru
12106,Sansones Route 1 Hyundai,box2,NJ,216,2026-10-03 08:04:54,Hyundai
13874,Peninsula Subaru,box2,WA,216,2026-10-03 08:46:58,Subaru
7555,North Park Lexus of San Antonio,box1,TX,215,2026-10-03 14:01:48,Lexus
12454,Liberty Hyundai,box1,SD,214,2026-10-03 14:22:35,Hyundai
13226,Kia of Everett,box2,WA,214,2026-10-03 08:37:36,Kia
13546,Lee's Summit Subaru,box1,MO,214,2026-10-03 14:28:23,Subaru
15397,Honolulu Volkswagen,box2,HI,214,2026-10-03 09:03:46,Volkswagen
11868,Kunes Hyundai Of Sycamore,box2,IL,212,2026-10-03 07:53:50,Hyundai
11869,Mcgrath City Hyundai,box2,IL,211,2026-10-03 07:53:56,Hyundai
12242,Fred Beans Hyundai Of Langhorne,box1,PA,211,2026-10-03 14:20:03,Hyundai
12421,Boucher Hyundai Of Janesville,box2,WI,211,2026-10-03 08:25:44,Hyundai
15584,Bommarito Volkswagen of Hazelwood,box1,MO,211,2026-10-03 14:44:24,Volkswagen
4725,GENESIS OF CHANDLER,box2,AZ,210,2026-10-03 06:51:13,Genesis
10249,Robideaux Motors Co.,box4,ID,210,2026-10-03 12:20:37,Buick/GMC
1260,"Bob Maxey Ford of Howell, Inc.",box3,MI,209,2026-10-03 16:15:25,Ford
8402,Cutter Chevrolet,box3,HI,208,2026-10-03 17:33:52,Chevrolet
12826,Kia of Lansing,box2,MI,208,2026-10-03 08:34:20,Kia
6877,Billion Toyota,box1,SD,207,2026-10-03 13:55:11,Toyota
7465,Serra Lexus Lansing,box1,MI,207,2026-10-03 14:01:21,Lexus
14820,Seattle MINI,box2,WA,207,2026-10-03 09:02:16,Mini
11990,Fox Hyundai,box1,MI,206,2026-10-03 14:13:15,Hyundai
12434,Zimbrick Eastside Hyundai,box1,WI,206,2026-10-03 14:22:20,Hyundai
12089,Burlington Hyundai,box2,NJ,205,2026-10-03 08:04:18,Hyundai
6867,Labadie Toyota,box1,MI,204,2026-10-03 13:54:57,Toyota
8458,Taylor Chevrolet,box4,ID,204,2026-10-03 12:02:22,Cadillac/Chevrolet
12279,Terry Lambert Hyundai,box2,SC,204,2026-10-03 08:12:13,Hyundai
13544,Dean Team Subaru,box1,MO,204,2026-10-03 14:28:22,Subaru
13552,Van Subaru,box1,MO,204,2026-10-03 14:28:26,Subaru
6871,Crown Toyota,box1,MI,202,2026-10-03 13:54:59,Toyota
1641,Vance Country Ford.,box4,OK,200,2026-09-27 10:09:11,Ford
13532,Williams Subaru,box1,MI,200,2026-10-03 14:28:10,Subaru
12428,Rosen Hyundai Greenfield,box1,WI,199,2026-10-03 14:22:15,Hyundai
7001,Mark McLarty Toyota,box2,AR,198,2026-10-03 07:19:29,Toyota
11521,Mercedes-Benz of Draper,box2,UT,198,2026-10-03 07:41:32,Mercedes-Benz
6755,Toyota South,box2,KY,197,2026-10-03 07:17:12,Toyota
8444,Karl Chevrolet GMC,box3,IA,197,2026-10-04 10:14:11,Buick/Chevrolet/Dodge/Ford/GMC/Jeep/Nissan/Ram/Toyota
11952,Mcgovern Hyundai Route 2,box2,MA,197,2026-10-03 07:56:25,Hyundai
12023,Northtowne Hyundai,box1,MO,196,2026-10-03 14:13:47,Hyundai
12688,Smart Kia of Davenport,box2,IA,196,2026-10-03 08:33:11,Kia
12819,Fox Kia South,box2,MI,194,2026-10-03 08:34:18,Kia
12767,Orr Kia of Bossier,box2,LA,193,2026-10-03 08:33:41,Kia
12824,Kia of Grand Blanc,box2,MI,193,2026-10-03 08:34:18,Kia
13530,Suburban Subaru of Troy,box1,MI,193,2026-10-03 14:28:10,Subaru
13628,Subaru of Santa Fe,box2,NM,192,2026-10-03 08:43:01,Subaru
11770,Hampton Hyundai,box2,FL,190,2026-10-03 07:50:12,Hyundai
13235,Bergstrom Kia Appleton,box1,WI,190,2026-10-03 14:25:01,Kia
11996,Lafontaine Hyundai Of Livonia,box1,MI,189,2026-10-03 14:13:17,Hyundai
3270,Crenwelge Motor Sales Inc,box1-recovery,TX,187,2026-10-04 17:23:37,Audi/Cadillac/Chevrolet/Chrysler/Dodge/Ford/GMC/Jeep/Ram/Subaru/Toyota
13889,Morrie's Eau Claire Subaru,box1,WI,187,2026-10-03 14:32:41,Subaru
12076,Morries Bellevue Hyundai,box1,NE,186,2026-10-03 14:14:02,Hyundai
12110,Wayne Auto Mall Hyundai,box2,NJ,185,2026-10-03 08:05:01,Hyundai
12000,Suburban Hyundai Of Troy,box1,MI,184,2026-10-03 14:13:18,Hyundai
13550,Subaru of Columbia,box1,MO,184,2026-10-03 14:28:23,Subaru
7318,Toyota of Seattle,box2,WA,183,2026-10-03 07:29:41,Toyota
13881,Bergstrom Subaru - Green Bay,box1,WI,183,2026-10-03 14:32:38,Subaru
14097,KERRY MAZDA OF FLORENCE,box2,KY,183,2026-10-03 08:53:06,Mazda
14150,LAFONTAINE MAZDA OF LIVONIA,box1,MI,182,2026-10-03 14:34:20,Mazda
13893,Zeigler Subaru of Kenosha,box1,WI,181,2026-10-03 14:32:44,Subaru
6860,Suburban Toyota of Troy,box1,MI,180,2026-10-03 13:54:52,Toyota
12588,Kia of East Hartford,box2,CT,180,2026-10-03 08:29:49,Kia
6899,Smart Motors Toyota,box1,WI,177,2026-10-03 13:55:24,Toyota
12592,Premier Kia,box2,CT,177,2026-10-03 08:29:49,Kia
12275,Hyundai Of Greenville,box2,SC,176,2026-10-03 08:12:06,Hyundai
13523,Hodges Subaru,box1,MI,176,2026-10-03 14:28:06,Subaru
13529,Subaru of Grand Blanc,box1,MI,176,2026-10-03 14:28:08,Subaru
14398,TIM DAHLE MAZDA SOUTHTOWNE,box2,UT,176,2026-10-03 08:58:30,Mazda
11289,Mercedes-Benz of Honolulu,box2,HI,174,2026-10-03 07:39:53,Mercedes-Benz
11793,Red Hoagland Hyundai,box2,FL,174,2026-10-03 07:50:43,Hyundai
13240,Janesville Kia,box1,WI,174,2026-10-03 14:25:01,Kia
11623,Chris Crain Hyundai,box2,AR,173,2026-10-03 07:42:39,Hyundai
11939,Balise Hyundai,box2,MA,173,2026-10-03 07:56:06,Hyundai
12838,Zeigler Kia of Holland,box2,MI,172,2026-10-03 08:34:25,Kia
11624,Crain Hyundai Little Rock,box2,AR,171,2026-10-03 07:42:43,Hyundai
11943,First Hyundai,box2,MA,171,2026-10-03 07:56:06,Hyundai
11988,Feldman Hyundai Of New Hudson,box1,MI,171,2026-10-03 14:13:12,Hyundai
13885,Don Miller Subaru West,box1,WI,169,2026-10-03 14:32:39,Subaru
6888,Zeigler Toyota of Racine,box1,WI,168,2026-10-03 13:55:18,Toyota
8406,Servco Auto Waipahu,box3,HI,168,2026-10-03 17:33:52,Chevrolet
8449,"Smith Chevrolet Co., INC.",box4,ID,168,2026-10-03 12:02:20,Chevrolet
12015,Auffenberg Hyundai Cape Girardeau,box1,MO,168,2026-10-03 14:13:42,Hyundai
13519,Fox Marquette Subaru,box1,MI,168,2026-10-03 14:28:04,Subaru
16046,Volkswagen of Puyallup,box2,WA,168,2026-10-03 09:11:02,Volkswagen
15588,Northtowne Volkswagen,box1,MO,167,2026-10-03 14:44:24,Volkswagen
13549,Reliable Subaru,box1,MO,166,2026-10-03 14:28:23,Subaru
12272,Fred Anderson Hyundai,box2,SC,165,2026-10-03 08:12:06,Hyundai
15594,Volkswagen of Lee's Summit,box1,MO,165,2026-10-03 14:44:25,Volkswagen
12425,Hyundai West Allis,box1,WI,164,2026-10-03 14:22:13,Hyundai
12484,Everett Kia,box2,AR,164,2026-10-03 08:28:40,Kia
13247,Rosen Kia,box2,WI,164,2026-10-03 08:37:39,Kia
11851,Berman Hyundai Of Lincolnwood,box2,IL,162,2026-10-03 07:53:24,Hyundai
7331,I-5 Toyota,box2,WA,161,2026-10-03 07:29:46,Toyota
8329,Chevrolet GMC of Quincy INC.,box4,FL,160,2026-10-06 14:32:19,Cadillac/Chevrolet/Ford/Honda/Jeep/Mercedes-Benz/Ram/Subaru/Toyota
14197,ANDERSON MAZDA OF LINCOLN,box1,NE,160,2026-10-03 14:34:57,Mazda
4693,GENESIS SANTA MONICA,NULL,CA,159,2026-09-21 06:18:59,Genesis
12494,Kia of Yuma,box2,AZ,159,2026-10-03 08:28:42,Kia
11605,Lithia Hyundai Of Anchorage,box2,AK,157,2026-10-03 07:41:41,Hyundai
11987,Elder Hyundai,box1,MI,157,2026-10-03 14:13:12,Hyundai
12419,Bergstrom Hyundai Of Green Bay,box1,WI,157,2026-10-03 14:22:13,Hyundai
13109,Billion Kia,box1,SD,157,2026-10-03 14:24:56,Kia
12035,Jason Pilger Hyundai,box2,MS,156,2026-10-03 08:01:58,Hyundai
13467,Joseph Subaru,box2,KY,156,2026-10-03 08:40:33,Subaru
11834,Tony Hyundai Waipio,box2,HI,155,2026-10-03 07:52:55,Hyundai
12842,Kia of Duluth,box2,MN,155,2026-10-03 08:34:25,Kia
6868,Toyota of Grand Rapids,box1,MI,154,2026-10-03 13:54:57,Toyota
4863,Crown Acura,NULL,FL,153,2026-09-16 19:30:08,Acura
10213,Honolulu GMC,box3,HI,152,2026-10-03 18:00:36,GMC
13438,Liberty Subaru,box2,IL,151,2026-10-03 08:40:12,Subaru
11991,Fox Maple Hill Hyundai,box1,MI,150,2026-10-03 14:13:15,Hyundai
12854,Ed Morse Kia Rolla,box2,MO,150,2026-10-03 08:34:27,Kia
6736,Toyota of Jackson,box2,MS,148,2026-10-03 07:17:05,Toyota
6863,Randy Wise Toyota,box1,MI,148,2026-10-03 13:54:54,Toyota
10251,Hirning Buick GMC,box4,ID,148,2026-10-03 12:20:38,Buick/GMC
13545,Frank Fletcher Subaru,box1,MO,148,2026-10-03 14:28:22,Subaru
14145,BORGMAN MAZDA,box1,MI,148,2026-10-03 14:34:18,Mazda
12032,Homer Skelton Hyundai,box2,MS,147,2026-10-03 08:01:56,Hyundai
14431,WEST HILLS MAZDA,box2,WA,147,2026-10-03 08:58:41,Mazda
14773,MINI of St. Louis,box1,MO,147,2026-10-03 14:41:12,Mini
11863,Gurnee Hyundai,box2,IL,146,2026-10-03 07:53:50,Hyundai
12416,Titus-will Hyundai,box2,WA,146,2026-10-03 08:25:40,Hyundai
13779,Courtesy Subaru,box1,SD,145,2026-10-03 14:31:55,Subaru
6747,J. Allen Toyota,box2,MS,144,2026-10-03 07:17:08,Toyota
9103,Lester Glenn Chevrolet of Old Bridge,box3,NJ,144,2026-10-06 11:23:01,Chevrolet/Ford/GMC/Jeep/Kia/Nissan/Ram/Subaru/Volkswagen
