dealer_name,address,city,state,zip,phone,website
McLaren Scottsdale,7881 E. Gray Rd,Scottsdale,AZ,85260,4802147260,https://www.mclarenscottsdale.com/
McLaren Beverly Hills,8833 W. Olympic Blvd.,Beverly Hills,CA,90211,+1 310-659-4050,https://www.mclarenbeverlyhills.com/
McLaren Newport Beach,44 Auto Center Drive,Irvine,CA,92618,1-888-905-5474,https://www.mclarennb.com/
McLaren Rancho Mirage,71-387 HWY 111,Rancho Mirage,CA,92270,+1 855-708-6833,https://www.mclarenranchomirage.com/
McLaren San Diego,7440 La Jolla Blvd,La Jolla,CA,92037,+1 858-454-1800,https://www.sandiegoluxurymotors.com/
McLaren San Francisco,4190 El Camino Real,Palo Alto,CA,94306,+1 650-352-8660,https://www.mclarensanfrancisco.com/
McLaren Walnut Creek,1425 Parkside Drive,Walnut Creek,CA,94956,925-444-2000,https://www.theluxurycollectionwc.com/
McLaren Westlake Village,3610 E Thousand Oaks Blvd.,Thousand Oaks,CA,91362,805-418-9092,https://www.mclarenwestlake.com/
McLaren Denver,1850 Lucent Court,Highlands Ranch,CO,80129,+1 303-470-7000,https://www.mclaren-denver.com/
McLaren Greenwich,348 West Putnam Avenue,Greenwich,CT,06830,+1 203-542-9100,https://www.millermotorcars.com/
McLaren Orlando,701 Columbia Blvd,Titusville,FL,32780,407-988-0111,https://www.mclarencf.com/
McLaren Palm Beach,915 S Dixie Hwy.,West Palm Beach,FL,33401,(561) 805-5555,https://www.mclarenpalmbeach.com/
McLaren Tampa Bay,3333 Gandy Boulevard,Pinellas Park,FL,33781,727-608-5767,https://www.mclarentampabay.com/
McLaren The Collection,200 Bird Road,Coral Gables,FL,33136,305.444.5555,https://www.thecollection.com/
McLaren Atlanta,7865 Roswell Road,Atlanta,GA,30350,+1 404-233-4269,https://motorcarsofatlanta.com/
McLaren Chicago,645 W. Randolph Street,Chicago,IL,60661,+1 312-635-6482,https://www.mclarenchicago.com/
McLaren Boston,22 Pond Street,Norwell,MA,02061,+1 781-347-3950,https://www.mclarenboston.com/
McLaren Troy,1755 Maplelawn Dr.,Troy,MI,48084,947-447-3060,https://www.exoticmotorcarsofmichigan.com/
McLaren Charlotte,1316 S Tryon,Charlotte,NC,28203,704-248-0009,https://www.charlottemclaren.com/
McLaren North Jersey,995 Route 17 South,Ramsey,NJ,07446,+1 201-639-7750,https://www.mclarennorthjersey.com/
McLaren Long Island,1047 Northern Boulevard,Roslyn,NY,11576,+1 516-478-4326,https://www.mclarenlongisland.com/
McLaren Philadelphia,1631 West Chester Pike,West Chester,PA,19382,+1 610-886-3000,https://www.mclarenphl.com/
McLaren Dallas,5300 Lemmon Ave,Dallas,TX,75209,+1 866-416-2221,https://www.mclarendallas.com/
McLaren Houston,13801 North Fwy,Houston,TX,77090,+1 832-957-3400,https://www.mclarenhouston.com/
McLaren Washington,21826 Pacific Blvd.,Sterling,VA,20166,(571) 620-6839,https://www.mclarenwashington.com/
McLaren Seattle,1882 136th Place Northeast,Bellevue,WA,98005,+1 425-646-3111,https://mclarenseattle.com/
